path,sha256,bytes
.gitattributes,e538db55b653ccbef14753dafa59e0e29a4c0b01e1ad55db5d3c53a4024961fd,171
.github/workflows/public-check.yml,6bf800940967b5193d64171b840a63feac618869b666c68110a34394e18df045,346
.gitignore,cedd47c981328017a59b34dc13cb6d753b04433da17a8c2eef28ec202b30a890,416
CITATION.cff,ef06974981463c72e64353a37ac94b4df80852c763627f92043f2f235c6e4b6c,433
docs/aggregate_file_catalog.csv,24f7dc597d6dcda774728523deee5e0b98df3e6864ae84b1326d7c281ebcc75c,3988
docs/CHANGES.md,2770014d77a7a17d6821ba7b8d0a0e9ce37a634d293e43ea7b3ba6e3e79cc799,1823
docs/CODE_AVAILABILITY.md,64fbaccc972739fc616a4d1083ad97c9933ed12f14f80a2eff6fa4cc44708834,2508
docs/DATA_ACCESS.md,c1de0e2a3f411cac3cf83fa604e7dba9956cc884f7a718a4a9643dbcd85e6c7c,4592
docs/input_schema.json,0a117f77b395066d9447cd7d5e45f206e66cbc5965584d47ea6165ea06ce21e0,1156
docs/README_KO.md,4e0cb66c2d09f7a0cc4262ebe06635716287a31a9efdf3ed222ee73a7046caf1,1750
docs/RELEASE.md,4d71385a1b6da2ae2fcc171f17f9b75db78b3756cf83b484946e557585693dd9,1270
docs/REPRODUCIBILITY.md,62098052dc57a760ae4cc8be366703004f5e39ce1db83f939f85b4ffb50cee70,5063
docs/result_inventory.csv,c71e19e022131f77a9591637776b77b579a2dfa1512b5ff2b869c0771903f755,4867
docs/result_inventory.json,975d89d4d9fe229271d417acb59d805a9d6a87d5c5ed76a6387a2681305bdee4,8546
docs/RESULTS_INDEX.md,7efb15adcc4b5c7dbd1de1e25af12d113ad52c3855fdc35656356502f25676b0,6924
docs/TESTED_ENVIRONMENT.md,2f5c7a7cad22eab40a582c976a6eadc52b538d2e345e884b49670be430126403,662
docs/verification/private_probe_report.json,2bb035a3d35a71092b3b8ad66f3420a4246ef195c1fb3233dda8a6a1f28e38e8,361
docs/verification/probe_point_estimate_comparison.csv,24838d95b308de4f717332c0ba3e350afa06acc05fa1d591e3d1256a0090ff22,255
docs/verification/public_run_report.json,01834124811e996fe6f7f63cb6f51c03f9eaeebd6b526e0f6d73c4795d0378b6,1475
docs/verification/seasonal_verification.txt,d8dd71057a0a2760732a0e1fc5504bf293ec9781c1cf9e5ff257460dbd5ae544,397
docs/verification/verification.txt,47a87802b1127b403fdc6ef6cbb68c148c8616fdf58a7f4a1515cb001ad9697f,496
docs/VERIFICATION.md,87413aed429f0a5ccb14601237c3445187abd65a37cc7a2bb0bb495eb3759643,3919
OnlineResource2/analysis/build_nearest_panel.py,6ef47bb53444d5220e4ddb271978e81f53530ea0fc292579685b731c2761e7ec,3545
OnlineResource2/analysis/check_event_warnings.R,5df8b1f88b796ef0f3279f890512ec3bec8352e85bd7b62aa5516e24d20eb644,1791
OnlineResource2/analysis/journal_outputs.R,b665ed7c570fdf2f10d360038de1298b627b1b923376324a5be9c5e63314d470,2486
OnlineResource2/analysis/monthly_analysis_journal.R,c983cb4fe9655c19b6c83cec75e58c2ed859fa47325fb9adc733f66f1fc09a24,16377
OnlineResource2/analysis/monthly_inference_journal.R,0af316904f469819fb32585a98dca93bb1cd37d350f0fd4fe28d93df874bb5fd,11095
OnlineResource2/analysis/monthly_outputs_journal.R,4072fe472c7251f819c3823eb585583e75f6e6888da53e7298d0c3832db7b4ff,10814
OnlineResource2/analysis/reproduce_validation.py,1f184cc396a5bb0f041e3b85071fb95fffe481d1b68a8c94b5590959a08500aa,7874
OnlineResource2/analysis/seasonal_comparisons_journal.R,fdee3ae3dd8034499f67d2bd318caec792f165d26e52a0be5073f207e060ce39,5648
OnlineResource2/analysis/timing_outputs.py,e1403f634c8051bcaa65154769a4878af07ae5827cf8667126d02f939767cd8d,1715
OnlineResource2/analysis/validation_outputs.py,24c13d32248391cc5fc720418d4608a073de22331da60eb0e1dcf95669147c47,1659
OnlineResource2/analysis/verify_monthly.R,cbc8a9dd3cf49ed6bc06b1587384314753aa3916a1a76204b66c19d82a510ad6,5174
OnlineResource2/analysis/verify_public.R,9f974cd4f947096e431a5f10acd3dcbdc7a126e64da96811e8f697953b5952bb,3950
OnlineResource2/monthly_results/analysis_coordinates.csv,dc4535333b4b5b5006d7aadcf2d86eb5dc3d2129a1b47204335bbe28d46732ec,10462
OnlineResource2/monthly_results/cohort_membership.csv,bae65a4dabb556fdd6e7eee0bafeaa130d3ea44c03e7f14fd87f6fcf795d58cf,8496
OnlineResource2/monthly_results/data_audit.csv,c7434cdb549c61a9c11a0f0c77b3c37557b186aed7e6deb20b70f363e83c674b,490
OnlineResource2/monthly_results/event_dynamic.csv,04e5bb2513c63b6e2e2ad193021257685d4890e49c956756a36963403827db66,207891
OnlineResource2/monthly_results/event_group_time.csv,73c33791aafba2922bd196fa039977840d68f7e6dd3519a9998a847ee5fb04e3,572592
OnlineResource2/monthly_results/event_repeat_check.csv,1d4f292b2208a85ce0410dcde1c0914d202ced25cc8462b292e01904e6d989ea,918
OnlineResource2/monthly_results/event_summary.csv,9d8ffc9103d1af9dde7157dfb633df65f0d5b4a06afacf7c39c5221c13b08092,2204
OnlineResource2/monthly_results/event_warning_audit.csv,ee12c572e9d0a8ca4ebccfd1893554ef163977afe0246db16e84a289152b113e,2108
OnlineResource2/monthly_results/inference_cache_journal/Autumn_CO.rds,aae5c45518125ba4bb68d628da8cff9a6fdbea5010c10bf7106e0638abd9c75d,34530
OnlineResource2/monthly_results/inference_cache_journal/Autumn_NO2.rds,82020129572abe279a91a13efe0334105bd8945d3b923cdddaf48e7cff456f36,34084
OnlineResource2/monthly_results/inference_cache_journal/Autumn_O3.rds,d8df3d88c20a4a299a4321077c0126d1f870a6e9a97363735d2bf5f164a8a7fa,34139
OnlineResource2/monthly_results/inference_cache_journal/Autumn_PM10.rds,b8d9a5071a417d84bf685154eae149a9361b7bc6ca766fdfb13783953183bcf3,34228
OnlineResource2/monthly_results/inference_cache_journal/Autumn_SO2.rds,032d1316ceed6514f7741f2cbcb3eef8ac1b9a5895478b82a03bbe6e8405a852,34157
OnlineResource2/monthly_results/inference_cache_journal/core2024_CO.rds,f4ab96290f3430e4c600d21bf1676655b6ad8f317efc43f8dbd8d5ccdd6fc7b7,43624
OnlineResource2/monthly_results/inference_cache_journal/core2024_NO2.rds,c6f47a627697358197d00574fe807946b7fe40533c8035f9873cab9152581352,43628
OnlineResource2/monthly_results/inference_cache_journal/core2024_O3.rds,285370f347e0c54038537ba007efac545a557ffc3679cece7fcce1e6d13b1c5a,43513
OnlineResource2/monthly_results/inference_cache_journal/core2024_PM10.rds,45ed0a07245cac843ff05ebd458275475195f34aa1a5021f85669255e1cf6089,43670
OnlineResource2/monthly_results/inference_cache_journal/core2024_SO2.rds,3e90a2ed9aa61346ae878cf2b294929023c6075930def705576281fa26e08e84,43488
OnlineResource2/monthly_results/inference_cache_journal/dec2020_CO.rds,539dfb73372ef5b0425bd20e6684407707cbeb02208b4ebcf352ca412e1b349d,60251
OnlineResource2/monthly_results/inference_cache_journal/dec2020_NO2.rds,36891a12b01e49e96071362fc85a5e310a9f073ac8e4c2db2fd61362e01e7fbf,60127
OnlineResource2/monthly_results/inference_cache_journal/dec2020_O3.rds,ee0056e865248bf614318fead6eb572836a1f53d76bcdcd3ec7d55b5f6e7b4dd,60036
OnlineResource2/monthly_results/inference_cache_journal/dec2020_PM10.rds,b33743960ecad22fb59a16edd4f920817e54546bfc130a9af94a055cb28f333f,59965
OnlineResource2/monthly_results/inference_cache_journal/dec2020_SO2.rds,f71bef67ac09892fda9a60a74d478857aecef82f7092644651239b080047089d,59942
OnlineResource2/monthly_results/inference_cache_journal/dec2020_trends_CO.rds,ab164fd2fc797badd67505f90f7a11b88ec47771d73a8abde302ebf1cf1658c0,78445
OnlineResource2/monthly_results/inference_cache_journal/dec2020_trends_NO2.rds,19712b422a30c03d4f3a4d439d983b230c09195d48b4dfc935b67072dbec4278,78622
OnlineResource2/monthly_results/inference_cache_journal/dec2020_trends_O3.rds,cedfa360a081e58c4e7205dfd1d79fdd379cbe1964ca4ed615b6867aebe7c0c4,78447
OnlineResource2/monthly_results/inference_cache_journal/dec2020_trends_PM10.rds,400bb04b1d11c6e438d8b5af6bf1a7d8ddad75152e487cb0f996ac31070c2ca2,78400
OnlineResource2/monthly_results/inference_cache_journal/dec2020_trends_SO2.rds,3644a34935545e8a9c06fd3386620ac3a9ba4b25dc420646851b23930b42d548,78867
OnlineResource2/monthly_results/inference_cache_journal/jan2018_CO.rds,4c15b0b3e007f76337d82a655805fb98fafff7fe7209d0a1d0106e37a0d0cbe4,60313
OnlineResource2/monthly_results/inference_cache_journal/jan2018_NO2.rds,e4bdbf6448c2963de0e7a6d71604f59d2319a665161ef09bd69a03c0d90c7d86,60156
OnlineResource2/monthly_results/inference_cache_journal/jan2018_O3.rds,4141d7c9ee2e2b1b8e2b777ea2d33cef4587cebf348615c8c4a8ec1ffbc2302e,59977
OnlineResource2/monthly_results/inference_cache_journal/jan2018_PM10.rds,a1ff0f21b67cf43cbc67523e0a06e632202bf82a5e43cc34c6ed231aa56417dd,60022
OnlineResource2/monthly_results/inference_cache_journal/jan2018_SO2.rds,91ce6f679f8a35cbf3161a090263c175b6e701153153907b37feae6543ed38e8,59918
OnlineResource2/monthly_results/inference_cache_journal/jan2018_trends_CO.rds,a0be55bd5d15ef4247f780acb676f4a1ca47ce65035d12aa6bca4fb615c60781,78320
OnlineResource2/monthly_results/inference_cache_journal/jan2018_trends_NO2.rds,8f0b082d618d5755124d54dbb893c9a3f31fb25f2f538453940ec67d4aed37fe,78554
OnlineResource2/monthly_results/inference_cache_journal/jan2018_trends_O3.rds,488f17f4049e2dbe745d97a2ebf96caec4c89ed1f98a30edc6cae1d364beda7d,78877
OnlineResource2/monthly_results/inference_cache_journal/jan2018_trends_PM10.rds,edac9d54b7cd6bc7ae0ea99044a4321b56f195f3b41cef36ab925bbd97e01fc8,78529
OnlineResource2/monthly_results/inference_cache_journal/jan2018_trends_SO2.rds,97560dd52cdf0718e0ecb9abd3c6ab27a37eda5775dc372c93034946db344ed6,78717
OnlineResource2/monthly_results/inference_cache_journal/jul2020_CO.rds,be7abb9243ad070edf0e63c94066900185f13c6fd664f52e9c3eb5c8f0d63e74,60177
OnlineResource2/monthly_results/inference_cache_journal/jul2020_NO2.rds,04df8495624609d376b57c09c003db0244874bb6a624cc2ec8e8221b7c245674,60115
OnlineResource2/monthly_results/inference_cache_journal/jul2020_O3.rds,fb2a3938c6e2f1272e2489283726377e0561dd778c81d4fc66cda4134cc06f84,60010
OnlineResource2/monthly_results/inference_cache_journal/jul2020_PM10.rds,6db8a014d9f72c7babb8e241f9c880f697ba5c38ecbef282a3926b375c9c004d,60030
OnlineResource2/monthly_results/inference_cache_journal/jul2020_SO2.rds,4017b98a1a7ebb1f93511212324aea5566d53b5407599a79f0ef62053c8a577b,59940
OnlineResource2/monthly_results/inference_cache_journal/jul2020_trends_CO.rds,c38e07f8be9ae616a08808658bb1f3070947b9a2f5f3a132901bb977d3f7b7d5,78477
OnlineResource2/monthly_results/inference_cache_journal/jul2020_trends_NO2.rds,633091e84572eea793ad46a34aaf9ea8cff80a3de5bfca332b143ca5bdf2b682,78598
OnlineResource2/monthly_results/inference_cache_journal/jul2020_trends_O3.rds,c83be2bd486e44436508462b3c00616142f341505ec424a4f954bd72e6956d69,78511
OnlineResource2/monthly_results/inference_cache_journal/jul2020_trends_PM10.rds,d1698f5b361d10c2dc8e45e3030d9576b42ecbbeca0f5688cec0523e64969120,78608
OnlineResource2/monthly_results/inference_cache_journal/jul2020_trends_SO2.rds,81329c97b38ae0474a5be5b75e7499ffc8b51c50926d100fb606a3de69aa30d5,78514
OnlineResource2/monthly_results/inference_cache_journal/k3_CO.rds,c0bcad685c6949f7157d48005a4221f234dd8da90b0f75af0c7676fcb2090125,60215
OnlineResource2/monthly_results/inference_cache_journal/k3_NO2.rds,0c877e645278367e0c23c1d4054fce35a884f44284e33e66f079e75f1e0c2b6d,60104
OnlineResource2/monthly_results/inference_cache_journal/k3_O3.rds,0757d3c9c06c26a80e330d087634b3a6d4c2bc47d83de35e79f1547ad731bf5c,60127
OnlineResource2/monthly_results/inference_cache_journal/k3_PM10.rds,e5212467567e72a8b4db7a71f6dc6094235001c35c4b5dfcec15b11fcec95768,60387
OnlineResource2/monthly_results/inference_cache_journal/k3_SO2.rds,b101b17cb21dd257e136f3e31cb25cf6a5b5dfd33d0d20bcc2f864627526bb19,59937
OnlineResource2/monthly_results/inference_cache_journal/k7_CO.rds,057cb64a0c3c8889af10ddc412537beffba5f967707b26d4dc77ac4c7bb935a5,60256
OnlineResource2/monthly_results/inference_cache_journal/k7_NO2.rds,cd910bfbd7dffeb1d01a088a9df53ccf3a9d9c6912542b67c926f4a5bd57c61d,59949
OnlineResource2/monthly_results/inference_cache_journal/k7_O3.rds,707597e6de4ae3c27b255a957a5784f8815ff89cb305a08c86f5d13463fadc99,59913
OnlineResource2/monthly_results/inference_cache_journal/k7_PM10.rds,448a766b8ad5c46cb8f8a51625405fc74e6fc59860b0dc9c04002edfbcd40b3a,60238
OnlineResource2/monthly_results/inference_cache_journal/k7_SO2.rds,99133d1c63eb360177f3e94852e1c71666fdef00db9c8bffeaac84bc12ae5989,59894
OnlineResource2/monthly_results/inference_cache_journal/may_june_O3.rds,fcad5ef3bb638ad0c92976226096826f1aa81ce55818882098b9862f1162c23a,31183
OnlineResource2/monthly_results/inference_cache_journal/monthly_CO.rds,3e7ca9ffc12e558e2f0e71eff6d0cdd8ba1e72250d0d2cbe4f6d9705774d00e4,60164
OnlineResource2/monthly_results/inference_cache_journal/monthly_NO2.rds,a3b7e8b66e9fdbba6a1662e143065fe500669b71d356e947def12fcc136c7c7e,59940
OnlineResource2/monthly_results/inference_cache_journal/monthly_O3.rds,bef9b08b0d9e50e445f79ca76819997186d336ae66daa18175f2581fe4f57254,60006
OnlineResource2/monthly_results/inference_cache_journal/monthly_PM10.rds,67f320b73c9febc56e64df5066663714b1487bbf9897c754cdb5d4d78c660f28,60180
OnlineResource2/monthly_results/inference_cache_journal/monthly_SO2.rds,5e1fd3c97e3f0f5e082cf49628a20b6d27f02e86264cb5e7872df3584758449d,60054
OnlineResource2/monthly_results/inference_cache_journal/nearest_CO.rds,2cc88f5f6167a6f0b6ad2e39c865148ae72844626bc55280b310bc8ec90c7fd5,60265
OnlineResource2/monthly_results/inference_cache_journal/nearest_NO2.rds,86f1135f2404727cd420f8cbb5100db58c5f6841200294decb9cd26e55945e78,60183
OnlineResource2/monthly_results/inference_cache_journal/nearest_O3.rds,91cf7c0bdee68e6e4c5d0d183b135bfa887b4364138b335927588e07f47ba405,59836
OnlineResource2/monthly_results/inference_cache_journal/nearest_PM10.rds,0cb838a9cb07830d361badfbd437fd5484d8a8ee13b7a86b3f2ce4df03ab60a2,60225
OnlineResource2/monthly_results/inference_cache_journal/nearest_SO2.rds,23ed4024c4de08d5e8b59242f32141c9a9220f99c96d850d816f697d72ea741a,59903
OnlineResource2/monthly_results/inference_cache_journal/nearest_trends_CO.rds,5e3cf4bf589976f27903a27bb963e2a5e7752582a3e8ae9ecfb2242a47a57634,78746
OnlineResource2/monthly_results/inference_cache_journal/nearest_trends_NO2.rds,c34be740aaf935fe3ae21a1464baa2ece869e32067a4c69e9f22fd40ebf1b246,78734
OnlineResource2/monthly_results/inference_cache_journal/nearest_trends_O3.rds,5878820bd90632dd5da1e19430fb9a6e139ff548d337746b1505210145083d08,78353
OnlineResource2/monthly_results/inference_cache_journal/nearest_trends_PM10.rds,86a7203cf007d783e08d89a066075dcae0fed06f9bd4c2fee42cd7577e15d8fe,78895
OnlineResource2/monthly_results/inference_cache_journal/nearest_trends_SO2.rds,f4ac41e564d593e5c0a27d5c2fc9e0bf72aedc159d86e9495726018af8b0df25,78251
OnlineResource2/monthly_results/inference_cache_journal/no_transport_CO.rds,c37d065b8d8171f020c191033cd699f257cb7eeff5a6ccf449e4233bf8a97575,48899
OnlineResource2/monthly_results/inference_cache_journal/no_transport_NO2.rds,b213e66db8e32ec6f2cd6d1385c6746a7e3928391598afa3f438613c9c031058,48838
OnlineResource2/monthly_results/inference_cache_journal/no_transport_O3.rds,b4bb137a33c0b1cb6f63ed77d905b9bb258b394f417fb4f32ac402fbe98d8a15,48900
OnlineResource2/monthly_results/inference_cache_journal/no_transport_PM10.rds,1806190629a455e1105193effd845ee453274d6786d052ff1c403f9182c5f2b1,48922
OnlineResource2/monthly_results/inference_cache_journal/no_transport_SO2.rds,70fd912d4938112ee36b35861a9e831ed6bcbb49e8926f37c49df50d78147fb7,48756
OnlineResource2/monthly_results/inference_cache_journal/omit61_CO.rds,ef10ff4a3263db5f676e31388021199c3bb4ed5ba050fea4dd7293f3e5431688,60287
OnlineResource2/monthly_results/inference_cache_journal/omit61_NO2.rds,42d6c918343d171047a58a9705ff0ca5f799b88998c119108ff56de9603e938c,59980
OnlineResource2/monthly_results/inference_cache_journal/omit61_O3.rds,aaa950b45eb03ab2f5c352f261f5789dfb6f95526836e01b23b660d5da253f39,59951
OnlineResource2/monthly_results/inference_cache_journal/omit61_PM10.rds,90b4a6420307a8324b28f88ee36dd745bbcf5c856ea0e3258f32ee2a176a7e4b,60265
OnlineResource2/monthly_results/inference_cache_journal/omit61_SO2.rds,414c1e8a791f1ec25dc67d644e52e3637b4c120ceeff3204b95d622127812c2e,60022
OnlineResource2/monthly_results/inference_cache_journal/omit79_CO.rds,80aab06faaad320f11d9ff85924854238a700f7bf58fec0cc41efd13f15abb35,60172
OnlineResource2/monthly_results/inference_cache_journal/omit79_NO2.rds,4b62ff34df103fe25c8873d8c7285ef6528ac0536c43bc3b95d7b82e9f1cd0b7,59901
OnlineResource2/monthly_results/inference_cache_journal/omit79_O3.rds,f8da818c51e8cd2627c6578a29f8c4b01e0294d883ebecf6a3dd87d6570835c4,60028
OnlineResource2/monthly_results/inference_cache_journal/omit79_PM10.rds,1b0c775558af6a6a0a750e95c8e83a34051a5f7dc4a1a2abd43ac92e1bf66627,60089
OnlineResource2/monthly_results/inference_cache_journal/omit79_SO2.rds,97a37b7ad60b06578620ed02684b831d37240b81e41928481343687ccf86528d,60051
OnlineResource2/monthly_results/inference_cache_journal/omit97_CO.rds,2449cac592f2c24b39590324ca0b7571585098c039a71801e84433a7feef2082,60010
OnlineResource2/monthly_results/inference_cache_journal/omit97_NO2.rds,c7dc806d4eebf4e96e3eb64a6607f60513275956ae4898f740a0711d36cba1a2,60076
OnlineResource2/monthly_results/inference_cache_journal/omit97_O3.rds,47cb7e30b265891a45d9860c473563859eea282c205b698216cc8bf7eeb16708,60039
OnlineResource2/monthly_results/inference_cache_journal/omit97_PM10.rds,5bd899033d598daccdf84855d84c767b34b906cc790c74f7c5f7d15af4f3c568,59911
OnlineResource2/monthly_results/inference_cache_journal/omit97_SO2.rds,11b536f8a1e3a38cec10becc30fa2f776c7ce75ea112c51ecb078dac11c190b8,59909
OnlineResource2/monthly_results/inference_cache_journal/Spring_CO.rds,22076ad5ba6db1e67ebf9c163020ed595d844813da01da13120c8c67209b2fc7,34615
OnlineResource2/monthly_results/inference_cache_journal/Spring_NO2.rds,8db0d5790c13bedaf1f2b193e8196e8d9a3d504ca393baf45a973c70c7f5b316,34176
OnlineResource2/monthly_results/inference_cache_journal/Spring_O3.rds,74642d3167592d5da8c51efce747121153b6aeb239d644a9f16e9e230df86263,34050
OnlineResource2/monthly_results/inference_cache_journal/Spring_PM10.rds,4347816b85400a9777056c77ee0c519026fe2b8d4b4c27d62322f4e26ba9ceda,34127
OnlineResource2/monthly_results/inference_cache_journal/Spring_SO2.rds,93882c7f61f706cdb2d7122d57208c21ba41a59145f02e3104760ff7455ec9d9,34233
OnlineResource2/monthly_results/inference_cache_journal/start2013_CO.rds,cd9183e9f47b243242e807d32dabbafbec6f4dc88ec42331f05137d2bfa88c34,57574
OnlineResource2/monthly_results/inference_cache_journal/start2013_NO2.rds,d8f4ee00107723d9171fd229fedb4da2027540e3afb1e0cb9b2c320540482a71,57442
OnlineResource2/monthly_results/inference_cache_journal/start2013_O3.rds,3722baf4656a72d513ae3c59550716bd122469bef55a7c16be7c41fd4f6a89d9,57384
OnlineResource2/monthly_results/inference_cache_journal/start2013_PM10.rds,b0bff4b671942cda8c242e27ec2cfd0c0629cf02c04724d279d0e1b4947f6b28,57483
OnlineResource2/monthly_results/inference_cache_journal/start2013_SO2.rds,eb8b7d679dc5b729a4c3beb470b296f23f31e0ca61f672eb4e3ffb12c995b24b,57342
OnlineResource2/monthly_results/inference_cache_journal/Summer_CO.rds,0c17ced8f4dbdf21b72b7658ad54edeb8284882c0aa27b12a16c78bf10f66219,34459
OnlineResource2/monthly_results/inference_cache_journal/Summer_NO2.rds,1a4a8fd5a46abf117194a39a90d37b5481e6d6b5ef472e8da1e4bcf35fa3f088,34082
OnlineResource2/monthly_results/inference_cache_journal/Summer_O3.rds,71f1d6fdfc43b4970c6ae25c608fbd5ab63cf063e2d4e3f5698b671953c86641,34095
OnlineResource2/monthly_results/inference_cache_journal/Summer_PM10.rds,c9ef018d73654a1eb2c0ebe10f60b57ee06caa0bdf8a939874bf6e2b5f525e5a,34085
OnlineResource2/monthly_results/inference_cache_journal/Summer_SO2.rds,ed81c1ec6a219ebf9c22bb1770c0f8250f74366d61fd6ca69fab0c983f93b099,34140
OnlineResource2/monthly_results/inference_cache_journal/trend_Autumn_CO.rds,894b007397e4981f4bd504a596b2d8f751ecd7eb4bf1cb1361f1a3af81d7e83f,47402
OnlineResource2/monthly_results/inference_cache_journal/trend_Autumn_NO2.rds,8d81c80a7cc5366665da772c45b77d6feae29403205973bf987492842960c752,47419
OnlineResource2/monthly_results/inference_cache_journal/trend_Autumn_O3.rds,44178d3653a02558e0dfdc699b4c676e86a1385e109df632aba156246d9374fc,47265
OnlineResource2/monthly_results/inference_cache_journal/trend_Autumn_PM10.rds,a1f1fb5e55d27878a43a272157f087d3a3e69cf844dc4f3eab438775eb7390fc,47222
OnlineResource2/monthly_results/inference_cache_journal/trend_Autumn_SO2.rds,75c7dd7feb28b2d594d066b204f15db0aa740e29a1b440a219d9809c36e0cff7,47718
OnlineResource2/monthly_results/inference_cache_journal/trend_Spring_CO.rds,c191e3ee1aa97cd52aad0397a41d24424d14a9c910e79e45534534bd4fa3c015,47845
OnlineResource2/monthly_results/inference_cache_journal/trend_Spring_NO2.rds,7b67e2c2bd68927bebb8bf688fe26da1c4e01a1d57c34ade1f4bf48f267b039b,47326
OnlineResource2/monthly_results/inference_cache_journal/trend_Spring_O3.rds,769d395cc28f35e9fc847d80d43ecf7250cb77974500d3590d754ac651afe7a5,47212
OnlineResource2/monthly_results/inference_cache_journal/trend_Spring_PM10.rds,06926d1e17df9a9c073c192eda703d820b51b2cb3b6761f13020507c667b8819,47367
OnlineResource2/monthly_results/inference_cache_journal/trend_Spring_SO2.rds,69b1e9e8e4bed39cbd14113538dcd2f93b9a211f11d9b016148239418c42149c,47588
OnlineResource2/monthly_results/inference_cache_journal/trend_Summer_CO.rds,6c85f4f8dc8725eb28d82f65187bb9b6954480ff2fe4d2208e24a59d60c278b3,47603
OnlineResource2/monthly_results/inference_cache_journal/trend_Summer_NO2.rds,21a351a8db08694b50a29ec7a4f9186694335cbda2125c0caf6c8f814aa7aad4,47398
OnlineResource2/monthly_results/inference_cache_journal/trend_Summer_O3.rds,1000af2b33c74f8fcbf4f30260180624c0169ce1e7b4b350c1918bdc8c0679cd,47568
OnlineResource2/monthly_results/inference_cache_journal/trend_Summer_PM10.rds,f577b81bfb94e866b0335573ee11968ad36a231a21a3811298304b661bc7d6d6,47327
OnlineResource2/monthly_results/inference_cache_journal/trend_Summer_SO2.rds,29edbe4c30d7b0116d3e92de79a58c5228fbdf204332ced3fd745bc55a01e673,47472
OnlineResource2/monthly_results/inference_cache_journal/trend_Winter_CO.rds,46da5479bca2c82a710ff5a425f40edb5f71c1a8a118609270b89d061b06e8ef,47694
OnlineResource2/monthly_results/inference_cache_journal/trend_Winter_NO2.rds,7ac37d8a63a4ccd8c410da92bf15286465503e5204572d9e75fd3a64520aecec,47257
OnlineResource2/monthly_results/inference_cache_journal/trend_Winter_O3.rds,8634a11f5332557cdfd5b4bf9f51dfe2facf55cc03bd71386f40f326030ce295,47098
OnlineResource2/monthly_results/inference_cache_journal/trend_Winter_PM10.rds,d3290436832f47ba67db643ec4ce73ca96f91207e3b24f12570a03ca4753679c,47214
OnlineResource2/monthly_results/inference_cache_journal/trend_Winter_SO2.rds,68d9b074e20dd5fe9bbf9232af4b88b25ff6410752f480b913c5e55d559032a4,47155
OnlineResource2/monthly_results/inference_cache_journal/trends_CO.rds,b19a73c9153da12b6549cb621987a41743f4ba17b1fe037c243915833df8386b,78452
OnlineResource2/monthly_results/inference_cache_journal/trends_NO2.rds,0f32b013f1079492f3fb258642690bbfd1dbb28311e08584f86d3d7595933578,78611
OnlineResource2/monthly_results/inference_cache_journal/trends_O3.rds,95d475c5877489695124d84952c2c390711b4047b74803f481b6b1d5a0bc778a,78519
OnlineResource2/monthly_results/inference_cache_journal/trends_PM10.rds,ae9f643be62d0a2372d8c9aa7b79f4989504c632d33e7a72862d7091223dbbb5,78726
OnlineResource2/monthly_results/inference_cache_journal/trends_SO2.rds,41af8f550d9f9979c424c3b9294a1589bc0b4ab02f03d4e15fb3d1070d26eaf7,78711
OnlineResource2/monthly_results/inference_cache_journal/Winter_CO.rds,02f59d21d48a0921e7fe7811dda8cb6e2dd7aba983ae243ec20f1efdd99bd198,34465
OnlineResource2/monthly_results/inference_cache_journal/Winter_NO2.rds,c12a36dbe6a40d587c9fa5655e18c01ce4e115fb1941f61c8a527ad58ee06616,33949
OnlineResource2/monthly_results/inference_cache_journal/Winter_O3.rds,f9c2f8323dbc09be00839d9c490364448fa58bc45b8b7d4bd87e324b3d22fa1a,33967
OnlineResource2/monthly_results/inference_cache_journal/Winter_PM10.rds,b47aa65325f88e1fe14dfba2b3902adeb24eed90eca628aad18cf981f82a428f,33991
OnlineResource2/monthly_results/inference_cache_journal/Winter_SO2.rds,008eb7988614c94ac456c6f4896ce6f43e938dd41dd25210aaae48ab1849cd8e,34064
OnlineResource2/monthly_results/inference_coefficients.csv,bd1751f57322a5f98f350473131b4976980a9a87361d0176fc6969564125edb9,1641688
OnlineResource2/monthly_results/inference_impacts.csv,ed47c5440f042dfcc41c2a3f461051d0037da438581e214cb5dc694a6261e3dc,302799
OnlineResource2/monthly_results/inference_verification.txt,c1fe031e5adaea012deeddf0fea5e17c65a1c63dafdeb87e785716c8c0ef4ec6,534
OnlineResource2/monthly_results/input_checksums.csv,e17b9acba8cb13ae72df729413cb561cb4013dadedb305a949fda125ddcb1168,317
OnlineResource2/monthly_results/interpolation_validation.csv,633a9f959929caffadf5a5a123198e7e251a3eb221ba01027c5802e6a7bacb48,2895
OnlineResource2/monthly_results/overlap_audit.csv,830fbf72e59bb18d34cc9aec41c200b8fa6baf8a13c3a2e38717c6dd50ec2ea0,786
OnlineResource2/monthly_results/pooled_multiplicity.csv,edf2c94acc173e876727f9b9eeed5121848dadfc60a282602add9f1acd8c143a,1190
OnlineResource2/monthly_results/residual_diagnostics.csv,66bd2c3486e665d2cdc915fd9fd4c99784ffe827ea5b33ce38bf6bfe8e10c52b,38289
OnlineResource2/monthly_results/sdm_impacts.csv,89d6e96e89f62443ca9eb654689f7d2bc90e8d77517082a70f549a530ff1da80,72667
OnlineResource2/monthly_results/sdm_raw.csv,db3ec1156b35fb66bd317409250a5c9be16d09c1dcd833dc1a6af224329ef8db,329667
OnlineResource2/monthly_results/sdm_twfe.csv,d86befa7d2712f3e3fbd5e79be5a77ea1207ecba740aab5e096e03b77f7826b1,9635
OnlineResource2/monthly_results/seasonal_omnibus.csv,2b41ff4dc51f9d69d9d6eff4510ac68ba99c9377580406c66c8db97466bbe093,682
OnlineResource2/monthly_results/seasonal_pairwise.csv,557e2bee3081a321feb30bdde744bc5e79fa8334957e97f8133a9730307c21e6,8149
OnlineResource2/monthly_results/seasonal_verification.txt,0697c20d04d3c7aaecc4bf48706971fd77ac2b50da23013be8d1a71bc75a6448,391
OnlineResource2/monthly_results/sessionInfo.txt,ed5c59b29443b77b3235e4d8b99a2d3f38b6f8a548e572ddbd11d98b21c4503b,3288
OnlineResource2/monthly_results/summary_statistics.csv,58924109ca0fec19b56a4e90ea657e3218971ce5b01cf6038f10f92597bae576,547
OnlineResource2/monthly_results/timing_sensitivity.csv,9e17ee1cf88a1a52650cba4af6efa84979659e03fcdc92a150cf7c4bacf86239,8395
OnlineResource2/monthly_results/verification.txt,d6dea788b34eb5bb00119f2b09918354bbe770118f8522e173fa12729b746c42,489
OnlineResource2/monthly_results/within_year_variation.csv,71d89a02eba662567797b3f2b33a49ff09a69ac59f663a64d18c26ac703da4b9,324
OnlineResource2/provenance/journal_outputs_submitted.R,e7332eb91d2f57d1d03f89372d0bd7d91d60ce4ba583550bff71e20c9b8476c1,2455
OnlineResource2/provenance/monthly_outputs_journal_submitted.R,172e3e33316c02e55b42c075465a8ef973eb629e08ed4ed482c4535ba212ef4a,10721
OnlineResource2/provenance/nearest_manifest.json,15645b2ad2c3f158e40a981fb27b31887e0ca9c1f01a06fe3300d8a77aca2efe,900
OnlineResource2/provenance/POLICY_EVIDENCE.md,98229f97c3594f63336b9b73821564063c7d10b3ed15edef9d0dd682b9e5cba2,2423
OnlineResource2/provenance/preserved_files.json,984359c0e5847bc70e78c511ebd876d41d6021303c36784a424df64b3c649761,854
OnlineResource2/provenance/public_packaging_comparison.json,20c3e1b2a02599e5e123fc7969000ffa988496e5acb43ccc7bc491065083ef77,58736
OnlineResource2/provenance/replay_supplied_submitted.R,e4ff5ac4f6f4001bdf88a97cb2998ed6197fcb7671785cbdd74c43b0c950c4b7,1475
OnlineResource2/provenance/submitted_manifest_sha256.csv,958d8e69018ca18206a10849deca86066bc994505c378f847b37b964fc507521,24805
OnlineResource2/provenance/validation_outputs_submitted.py,fc0e28d07dc67ce6bc67cdbd75f0afa61372f9da44177271b7c71fff80367aab,1689
OnlineResource2/README.md,980d405424c87762436dde4c3ddf26a91ae40c7d8d4c7b7294b6739d71d060ea,2302
OnlineResource2/source_preprocessing/00_전체실행.R,1a92c7dd89202e7e673a913476e1f536b6469932fa24235d8cfc580cbb7634b3,1005
OnlineResource2/source_preprocessing/01_airkorea_prep.R,602ee413777646c88af8eac47464219ad146b62f86f8b3ef25a3fdc52baf3712,1720
OnlineResource2/source_preprocessing/01_kma_asos_prep.R,1fef6538700ebc80a896b8802eb5bb57c4373709b4844a50242aed5914dd0980,3262
OnlineResource2/source_preprocessing/02_IDW.R,425d37d437dd6646a0f52af5fc28544e800af4268341246ccc2c844a5177fe3d,1315
OnlineResource2/source_preprocessing/03_merge_check.R,84d03e3fa067d0bf9b65eb238e2d7d06ab259a7addd67e983ecd2de9ca9266bd,978
OnlineResource2/source_preprocessing/check_coordinates.R,6c49e93dc2832558a141f14e8c9994c761138e57a035e592b4914844c22f03c0,536
OnlineResource2/source_preprocessing/replay_supplied.R,6b57ec7e27c6b2956c79d3f9d18bef420137f523055a69a85f5f33649e401a25,1663
OnlineResource2/tables/interpolation_sensitivity.tex,5a57bd061255d8e3e40e1ef7cb36e8e62fbcde10a378416e19728bf3a726197b,679
OnlineResource2/tables/interpolation_validation.tex,5fe4687a8aed2f8f9f53274dcac35fdae9304348d5d5f3a045f8f793e4daf468,863
OnlineResource2/tables/monthly_coefficients.tex,2f4a2147648bc9c80d22de0ceb30a71875969b6632e1ad11380675b71c8dfeb6,4171
OnlineResource2/tables/monthly_pretests.tex,46f2f98f22530d1e69dc156086112ab90f2e1b7b7941b659f41af5fc1d824abd,428
OnlineResource2/tables/monthly_primary.tex,045ae1d422506911d63e4dd81590a8c43007293dfa2b48ec745cd7a1a21c062f,719
OnlineResource2/tables/monthly_residuals.tex,620a423e71806c0c83acf478866fa91cd94d049eec326d01278241a3c39a6e67,396
OnlineResource2/tables/monthly_seasons.tex,4e642e8fb36ce2b4c5f55ff81283f4d9d54b6e50364d4265c0fcbe40b931860d,2127
OnlineResource2/tables/monthly_sensitivity_extra.tex,1daa3dc1f3d52da424a825a1f6ea63ccc65c617c8941e3e54dfa156c602f34c0,949
OnlineResource2/tables/monthly_sensitivity_main.tex,dfe9a40817afb2c476b6ab84833ebbf45a16605576cc376aa6b22dd93f6ef287,819
OnlineResource2/tables/monthly_summary.tex,0b68ce16a90c8e33ae0c3af489659ed2db5ce24b39409a53d3e25b7e68142609,397
OnlineResource2/tables/monthly_uncertainty.tex,f2a314ef5034cb33a45aadacad2a3198c882a86c50a5895413247f1384b5ab9b,500
OnlineResource2/tables/seasonal_omnibus.tex,c53362e46e2a4f17f100c4dcae6222cd36ad1a6f84fe701607d8b720e0b3f979,652
OnlineResource2/tables/timing_sensitivity.tex,ef9d5d49abded4e79737ea825c8865b0880d4acf7119e6bea620bf81d991fa9f,1754
OnlineResource2/validation_evidence/coordinate_transform_check.csv,c68eea0e55cff0e4e057cb583255192518687ddd223427200bc8a1eeae5c8b87,86
OnlineResource2/validation_evidence/cv_independent_comparison.csv,3b13169e90384e07bfbc23f6b832a294537d45f6ffa5b751310d584c11183c9d,7418
OnlineResource2/validation_evidence/cv_reproduction_summary.json,5041d3837de755062dc9c83e3e0f38283b82cefed4db76cfb7a1f481334e1fd0,347
OnlineResource2/validation_evidence/independent_checks.json,da1371faf790b43167a6ad19672764bf157ac7ae6c6b9c24aa8e965b696b71a6,3472
OnlineResource2/validation_evidence/independent_R_reproduction_check.csv,4f2cb2ca47b5c51584b591ee281cba57c82c5776249db90e29437696d51b3c17,1448
OnlineResource2/validation_evidence/independently_recomputed_cv.csv,633a9f959929caffadf5a5a123198e7e251a3eb221ba01027c5802e6a7bacb48,2895
OnlineResource2/validation_evidence/manifest_check.csv,baceab40520c4b5c5367752be815054914a72c9ce6f6ecbd251802325f083416,3429
OnlineResource2/validation_evidence/rain_archive_summary.json,fc3af2d121a6d8213b2146fd401ba9737dbb5308acaa76ddc0095c18d655fadb,296
OnlineResource2/validation_evidence/rain_archived_html_check.csv,c24b328cb72307cb3fe52f2c31bec71211c10523cc081486d3bd6165db27fd3d,36625
OnlineResource2/validation_evidence/spatial_weight_checks.json,cacee1285f39ed67d8a44e01eb107a7cdbd9e8b3c76da3c75e51521086315e0e,247
OnlineResource2/validation_evidence/support_summary.csv,710fd1f579d00a3f5a6dddb5cb5bd8c7e95ad3889da4f78d57b3c9ec39d0f3f8,872
paper/Fig1.png,473b6fa273974e0b514259273eae1b0269aa1c5f1d9c8952ff9d93ac915f4120,306559
paper/Fig2_monthly.pdf,9ca998e8fa3bb5a3bea4733d7a5d8a190c1e6813b52e5f602953ddc8bdd3e9e1,46150
paper/Fig3_journal.pdf,86ef82558603bfc514471c135ccfc5ce5dbf7590876c5ee9bbab6e1834f7cb07,9197
paper/FigS1_monthly_dr.pdf,694e2566e0f6423d0b71c588d25970e1f60acdedfe2a55204efd7ac41b899a4a,45977
paper/manuscript_ema.tex,dfc78a25ffd5a6d7e71668b7b676723c11f581273c1d736fc897151579764dfd,49303
paper/OnlineResource1.tex,3b02bdc02fac8cdca1a8c312b38ce6b1903fdf240ebee5a97c0a89c2fe7cb71f,32634
paper/references.bib,41f36d3857dee14a5f12449c33c2bb6a36ff943118cd57cbf35041520bb09e0b,14945
paper/sn-apacite.bst,be9346857b116ec0359319ff26ace70da573475e4c92c6fb9418f841ff7a7c75,151345
paper/sn-jnl.cls,36d0c3273a59d48dc6a9c7b080dfa1ec50dc10229d8751568d1f2e490ffa5ecc,55857
paper/tables/interpolation_sensitivity.tex,5a57bd061255d8e3e40e1ef7cb36e8e62fbcde10a378416e19728bf3a726197b,679
paper/tables/interpolation_validation.tex,5fe4687a8aed2f8f9f53274dcac35fdae9304348d5d5f3a045f8f793e4daf468,863
paper/tables/monthly_coefficients.tex,2f4a2147648bc9c80d22de0ceb30a71875969b6632e1ad11380675b71c8dfeb6,4171
paper/tables/monthly_pretests.tex,46f2f98f22530d1e69dc156086112ab90f2e1b7b7941b659f41af5fc1d824abd,428
paper/tables/monthly_primary.tex,045ae1d422506911d63e4dd81590a8c43007293dfa2b48ec745cd7a1a21c062f,719
paper/tables/monthly_residuals.tex,620a423e71806c0c83acf478866fa91cd94d049eec326d01278241a3c39a6e67,396
paper/tables/monthly_seasons.tex,4e642e8fb36ce2b4c5f55ff81283f4d9d54b6e50364d4265c0fcbe40b931860d,2127
paper/tables/monthly_sensitivity_extra.tex,1daa3dc1f3d52da424a825a1f6ea63ccc65c617c8941e3e54dfa156c602f34c0,949
paper/tables/monthly_sensitivity_main.tex,dfe9a40817afb2c476b6ab84833ebbf45a16605576cc376aa6b22dd93f6ef287,819
paper/tables/monthly_summary.tex,0b68ce16a90c8e33ae0c3af489659ed2db5ce24b39409a53d3e25b7e68142609,397
paper/tables/monthly_uncertainty.tex,f2a314ef5034cb33a45aadacad2a3198c882a86c50a5895413247f1384b5ab9b,500
paper/tables/seasonal_omnibus.tex,c53362e46e2a4f17f100c4dcae6222cd36ad1a6f84fe701607d8b720e0b3f979,652
paper/tables/timing_sensitivity.tex,ef9d5d49abded4e79737ea825c8865b0880d4acf7119e6bea620bf81d991fa9f,1754
README.md,c3b95da950183b91319e12c7ca09a4556f41bc0be0b2134f2719c064c6c8f851,20578
requirements.txt,95d3a6fe30e7fec4586dcc3c33083ef927710d95758b7412338ac88a68374e2a,34
results/figures/Fig1.png,473b6fa273974e0b514259273eae1b0269aa1c5f1d9c8952ff9d93ac915f4120,306559
results/figures/Fig2_monthly.pdf,9ca998e8fa3bb5a3bea4733d7a5d8a190c1e6813b52e5f602953ddc8bdd3e9e1,46150
results/figures/Fig2_monthly.png,3029242daeeb84d65d4f088250d630867d88a613d17b821b8ecc3a797ff30760,668662
results/figures/Fig3_journal.pdf,86ef82558603bfc514471c135ccfc5ce5dbf7590876c5ee9bbab6e1834f7cb07,9197
results/figures/Fig3_journal.png,51f2cb660e46ca7a9339192c3326f8ca3682e708d972fe627b37084beb78548b,254065
results/figures/Fig3_seasonal.pdf,7d1ddc7ed32271c28bfa572a45471088b0c74e0b5c0b0ade59ab373b5dbbf195,7504
results/figures/Fig3_seasonal.png,e644186d75ed969c88d605795c527f0842cfa222f627ff9b548f2dfe596f25b2,217706
results/figures/FigS1_monthly_dr.pdf,694e2566e0f6423d0b71c588d25970e1f60acdedfe2a55204efd7ac41b899a4a,45977
results/previews/main_figure_1.png,6b7dde37111c7bc2d8fa01f79503410ad374112c20cf254d39d086b7398c0618,160607
results/previews/main_figure_2.png,47773db749b4399ab5dec6e1272a860d6097cf3a915fdc2a3bd1ee04617cffdf,144990
results/previews/main_figure_3.png,cae323d0ce9fd08cbc517f7eb6e645834acd34b4f78faa88949dede04c5f6a56,88782
results/previews/main_table_1.png,45cd109b053ba9cb998cfd5131c7889c8ab64eb4490f5709c22edc3551290ff6,246121
results/previews/main_table_2.png,f015571f6c79e9acc3d35fff45bf47b8fbbf3419272cd56dba6b6f5218f2bcd2,234673
results/previews/main_table_3.png,527df8771c0d842a044fe33863c5968ea3aba80e744e4083f3304577f2a3d5d8,224856
results/previews/main_table_4.png,5d86d2722da2f8fa75d0daecc226eef7e4fd48af20651fed1b67e11b0d318ad0,208714
results/previews/supp_figure_s1.png,1178784de16b42b24ae3c03b1e2236bebfac723e738c6a0843c2f3afcd190b77,140291
results/previews/supp_table_s1.png,070c815e2c340311acc508df123bf60e3ddcb207c05d3ede6bd10fdc32f7dc77,235198
results/previews/supp_table_s10.png,a9a6b23ba404b21fe091f605673f23502c1652c1ebb773f2b7ca1712e02c7738,168638
results/previews/supp_table_s11.png,4f63616eb1a7f57e0ad291b6b4e29d8d66f85acbe404d54f892d96a98660a9b5,208489
results/previews/supp_table_s12.png,d528523a01b7ed07ea1d85a604c93da96578ce14c346497d867b801bbf7f0ecb,146186
results/previews/supp_table_s2.png,4036fac686a8a0412da09e0758b9edfdb5d13edb9beee2b17786118c02fc278f,205447
results/previews/supp_table_s3.png,2404d62a2c1ab8ed050d63b7c7a9ed399fc9d8c92ac2dc6ee7715790cacb2cae,222269
results/previews/supp_table_s4.png,3f0110b6858508e79ce98d7c4eac9f405aab8c3f77c5378ca0da9ecaff98afaa,248244
results/previews/supp_table_s5.png,5b06a8e3e13f850cb513f03c2f5cec456f66a4959d91b5565166d43408e98bda,225992
results/previews/supp_table_s6.png,175ecda4983f36cce27c8a00d2100ab96b10d48669b15e0aa0452b75b0cc985c,290975
results/previews/supp_table_s7.png,a82e1622d72eeedb017c398c54087c42b2dd064ae660e7187226988f2d9af6d6,183285
results/previews/supp_table_s8.png,b23d382fbc0bd1d03860dbbed17e2a8a7e22b72a7f738179abb916763cd604fe,161662
results/previews/supp_table_s9.png,bd3c853a1f21d3ad7ca11f3b47558972fd6cd88c7dbfba4268ee5cdf7138b938,279796
results/README.md,1e9a91ae62d329b989ea6befd5cb9b086c341a3117520c9007622677440cc0bc,804
results/tables/interpolation_sensitivity.tex,5a57bd061255d8e3e40e1ef7cb36e8e62fbcde10a378416e19728bf3a726197b,679
results/tables/interpolation_validation.tex,5fe4687a8aed2f8f9f53274dcac35fdae9304348d5d5f3a045f8f793e4daf468,863
results/tables/monthly_coefficients.tex,2f4a2147648bc9c80d22de0ceb30a71875969b6632e1ad11380675b71c8dfeb6,4171
results/tables/monthly_pretests.tex,46f2f98f22530d1e69dc156086112ab90f2e1b7b7941b659f41af5fc1d824abd,428
results/tables/monthly_primary.tex,045ae1d422506911d63e4dd81590a8c43007293dfa2b48ec745cd7a1a21c062f,719
results/tables/monthly_residuals.tex,620a423e71806c0c83acf478866fa91cd94d049eec326d01278241a3c39a6e67,396
results/tables/monthly_seasons.tex,4e642e8fb36ce2b4c5f55ff81283f4d9d54b6e50364d4265c0fcbe40b931860d,2127
results/tables/monthly_sensitivity_extra.tex,1daa3dc1f3d52da424a825a1f6ea63ccc65c617c8941e3e54dfa156c602f34c0,949
results/tables/monthly_sensitivity_main.tex,dfe9a40817afb2c476b6ab84833ebbf45a16605576cc376aa6b22dd93f6ef287,819
results/tables/monthly_summary.tex,0b68ce16a90c8e33ae0c3af489659ed2db5ce24b39409a53d3e25b7e68142609,397
results/tables/monthly_uncertainty.tex,f2a314ef5034cb33a45aadacad2a3198c882a86c50a5895413247f1384b5ab9b,500
results/tables/seasonal_omnibus.tex,c53362e46e2a4f17f100c4dcae6222cd36ad1a6f84fe701607d8b720e0b3f979,652
results/tables/static_main_table2.tex,fa07198ca8d04452e7b9f67da9909f30621be55224d378893661741b5496abbb,1504
results/tables/static_supp_tableS11.tex,c9a29b0ff8afd81d49b6049b27b6bde6978332149c1eb08a9737466f0314d742,1937
results/tables/static_supp_tableS8.tex,2d67f9648c238b3c72e9adec5fc52bc47151d9b2435b6582e91d8c19620fe100,2275
results/tables/timing_sensitivity.tex,ef9d5d49abded4e79737ea825c8865b0880d4acf7119e6bea620bf81d991fa9f,1754
scripts/check_aggregate_caches.R,990271b47a1e3c21f31d84d176502a419740c1460cd7ea733b56e177197fe147,1360
scripts/install_dependencies.R,42ace96a267dc6a8e0db94fe2832109c0a130c30c50ac14859c5b2829c135751,789
scripts/reproduce.py,18332cc25305dab6c6d962b8286dc08a2f1f21bde8e952f87ec7176df20f3b3e,5690
scripts/verify_release.py,213c4671ccc07378adef8b1b0cc5df723bd28866f914201733df40044106d226,4745
