"dataset","variable","shared_rows","changed","max_abs_difference"
"dat13_24","pop_density",35568,0,0
"dat13_24","industrial_area",35568,0,0
"dat13_24","commercial_area",35568,0,0
"dat13_24","green_area_per_capita",35568,0,0
"dat13_24","daily_km",35568,0,0
"dat13_24","cars_per_capita",35568,0,0
"dat13_24","avg_temp",35568,0,0
"dat13_24","sun_time",35568,0,0
"dat13_24","stagnant_days",35568,0,0
"dat13_24","avg_wind",35568,0,0
"dat13_24","avg_humid",35568,0,0
"dat13_24","avg_rain",35568,0,0
"dat13_24","NO2",35568,0,0
"dat13_24","CO",35568,0,0
"dat13_24","SO2",35568,0,0
"dat13_24","O3",35568,0,0
"dat13_24","PM10",35568,0,0
"dat13_24","NO2_road",35568,0,0
"dat13_24","CO_road",35568,0,0
"dat13_24","SO2_road",35568,0,0
"dat13_24","O3_road",35568,0,0
"dat13_24","PM10_road",35568,0,0
