"specification","outcome","n","units","periods","ar1_median","ar1_q25","ar1_q75","ar12_median","moran_median","moran_q25","moran_q75","score_error","coefficient_error","hessian_numeric_error","delta_gradient_error","information_rcond","joint_rho_lez_covariance","joint_rho_wlez_covariance"
"monthly","NO2",38532,247,156,0.775674894175077,0.699598268041624,0.847090039158892,0.468513616134288,0.0328551966433841,0.00294578629722474,0.0661301086196426,5.72121301504295e-06,3.77475828372553e-15,4.1125383883131e-09,7.70256448807701e-12,1.81800195041476e-05,2.57243220970701e-07,1.4897855298632e-05
"monthly","CO",38532,247,156,0.708585814479248,0.631449644081947,0.781311947456865,0.341218377127419,0.00561506788845129,-0.0193849447792059,0.0319916872867854,5.6540644106483e-06,6.72795152922845e-14,4.85013837261266e-08,6.51748866768927e-12,6.33083092503955e-08,-1.25467279765252e-05,0.000226959353216555
"monthly","SO2",38532,247,156,0.760657126964982,0.678975310587301,0.81643011864617,0.368868715396008,0.00174154346111935,-0.0234845946121578,0.0320164070258014,3.0657547976906e-06,5.55111512312578e-16,NA,5.70837821456394e-12,0.000177582103368164,2.20337188187501e-07,1.89388697397925e-06
"monthly","O3",38532,247,156,0.711323060280406,0.628345001919459,0.763401022344908,0.386466447598159,0.00711082266228685,-0.0326344448378341,0.0499162734789335,5.61652107777855e-08,4.08562073062058e-14,NA,2.7393847035725e-11,1.37625642424224e-05,-1.89862379461452e-06,-4.82928961694581e-06
"monthly","PM10",38532,247,156,0.704597433720248,0.640073653608002,0.773200205079628,0.365561313904197,-0.0164208680154342,-0.0408035972758869,0.022311443953633,1.92176478330289e-07,6.21724893790088e-15,NA,7.58668874922525e-12,7.57086350407162e-06,-4.43970944644562e-06,1.25464258518811e-06
"Winter","NO2",9633,247,39,0.799837705735101,0.68668578904637,0.863586045876049,0.335539159908995,0.0306692675114665,0.00143439463164688,0.0625224575601996,1.3074525505451e-07,4.88498130835069e-15,NA,1.38402280594656e-11,0.000132310117814642,-3.53248604335396e-06,4.11380428826611e-05
"Winter","CO",9633,247,39,0.691563993517185,0.549916192417737,0.811569673549368,0.24497519069974,0.0087463372550843,-0.019469253609253,0.0352528678015581,3.57912074804786e-06,1.74971148680925e-13,NA,1.22206890298586e-11,2.88368420239677e-07,-0.000266320080375894,0.00166459455689129
"Winter","SO2",9633,247,39,0.743053811459546,0.614932422617483,0.827545037711364,0.282522713114121,0.00497095134294267,-0.0149554976501717,0.0451044827543495,4.83410220267437e-08,4.16333634234434e-16,NA,1.96957039257202e-11,0.000876892230687586,5.0238394406058e-07,2.80286380571063e-05
"Winter","O3",9633,247,39,0.717007168011098,0.595874599363137,0.819616614134483,0.245895694864238,0.0251618400327221,-0.00391789295947386,0.0489751219879661,2.35746995229324e-06,9.99200722162641e-16,NA,4.64886819948027e-10,0.000245985498034433,-5.41376870738664e-06,3.04065626663485e-05
"Winter","PM10",9633,247,39,0.731707937565372,0.585125440435448,0.818625413134824,0.260400494152996,0.00051112004026926,-0.0279527650227275,0.0283641064580352,1.53713444986305e-06,3.99680288865056e-15,NA,1.31640809364342e-11,5.54261117231526e-05,-2.22992537187955e-05,4.69439086188211e-05
"Spring","NO2",9633,247,39,0.801922535923377,0.685098715620005,0.89796093263142,0.403910959475399,0.0313653525334765,0.00481126873401685,0.0614374376890371,2.99762642892744e-06,1.22124532708767e-15,NA,9.98081432480987e-12,4.59558867677081e-05,3.38088697800651e-06,7.65624585003033e-05
"Spring","CO",9633,247,39,0.763380633692758,0.633613580027431,0.840378645579938,0.26479035911064,0.0134630545767574,-0.0119939899260983,0.0332968765404383,2.19983537469758e-06,7.63833440942108e-14,NA,3.7939493034598e-11,2.29658656862954e-07,2.61195453945225e-05,0.000865604698849164
"Spring","SO2",9633,247,39,0.791760027047372,0.641815507729756,0.875823699111843,0.325490424262054,-0.00493356849205791,-0.0262246308083821,0.0283662631150027,1.04774732060251e-07,6.10622663543836e-16,NA,1.55451599687995e-11,0.000388268945921461,7.17657561295229e-07,1.07027747853946e-05
"Spring","O3",9633,247,39,0.732475001147507,0.597984416515933,0.84887747955445,0.238200640779584,0.00305441603475864,-0.0175850685706833,0.053244200534537,1.21942391058181e-06,6.21724893790088e-15,NA,1.10434313173996e-11,4.74816758058529e-05,-4.08608024847861e-06,-6.03841343832183e-05
"Spring","PM10",9633,247,39,0.716512289014146,0.571773285061515,0.814019525156166,0.297171080907903,-0.0275826384887276,-0.0482508871287457,0.00676641649069532,8.8150853823562e-08,1.33226762955019e-15,NA,6.709857644221e-12,1.47991205514076e-05,-1.71098869596634e-05,-5.16962240577959e-06
"Summer","NO2",9633,247,39,0.7565319302095,0.618665846479591,0.869844074095079,0.399174898570672,0.0415741897203085,0.0130022880182471,0.0623481941840774,1.2045412336254e-06,2.44249065417534e-15,NA,8.31304110153687e-11,0.000187896108603023,6.12010683048184e-06,8.24805781375451e-05
"Summer","CO",9633,247,39,0.713173763086035,0.593605547886886,0.808810019769836,0.247664896675126,0.00632012522502098,-0.0126872703332899,0.0479008826079122,8.94587443581411e-07,4.2632564145606e-14,NA,3.35065308831872e-12,7.30847451483862e-07,0.000155830955666388,0.000578897160462685
"Summer","SO2",9633,247,39,0.756834052734967,0.609399027616191,0.852569521402648,0.318250501944817,0.00598044486684555,-0.0291895161185389,0.029112224259607,1.53775699917752e-06,3.88578058618805e-16,NA,2.70695690312674e-11,0.000707420586592331,1.30123769828384e-06,1.41572135349221e-06
"Summer","O3",9633,247,39,0.637547231554059,0.457553488292771,0.733277491524506,0.243123924025294,0.000241536399937482,-0.0320466288113093,0.0380002096359738,6.11421828896297e-08,4.44089209850063e-15,NA,1.11182126726153e-11,8.37905866543703e-05,-1.83139222468542e-05,-5.62165981435839e-05
"Summer","PM10",9633,247,39,0.720829434926847,0.582498063729605,0.810151520794351,0.322054347670089,-0.028012712311958,-0.0586682716146675,0.0109734120918712,4.47351470601026e-06,6.43929354282591e-15,NA,1.2911369111235e-11,7.00258273046767e-05,-1.59312151331708e-05,-1.42810522033133e-05
"Autumn","NO2",9633,247,39,0.775657355851163,0.641166336470879,0.882700446371409,0.422760714069464,0.0203675938633209,0.000212346916355698,0.052269990246976,6.16510712585272e-07,3.77475828372553e-15,NA,1.81642248835593e-11,3.62485892883806e-05,2.1404601153618e-06,6.19103519712751e-05
"Autumn","CO",9633,247,39,0.711656201629566,0.585282477932501,0.808240142278012,0.307804668627142,-0.00917953642290414,-0.0339845679863839,0.0473064249560297,2.24463760645515e-07,7.8159700933611e-14,NA,1.28380079597615e-11,1.31249972871116e-07,-4.85878984052744e-06,0.000868047788400787
"Autumn","SO2",9633,247,39,0.773287188919414,0.645145097860527,0.858326600254394,0.307501627520182,0.0104290144970392,-0.0266789789620541,0.0441300168031836,2.14244582817589e-08,7.91033905045424e-16,NA,1.37183001196648e-11,0.000192968629887784,1.71906199033781e-06,5.88059642842323e-06
"Autumn","O3",9633,247,39,0.679493597689084,0.532840378100239,0.785611809975011,0.36203272294996,0.00962292877363007,-0.0192968115523287,0.0447480951161001,2.42721281575276e-06,1.77635683940025e-15,NA,6.21756403510398e-12,3.62224833512118e-05,-8.22259745795796e-06,-1.74195322695831e-05
"Autumn","PM10",9633,247,39,0.720483160846658,0.581515827189077,0.816096112169866,0.278234620548579,0.00890754159492507,-0.0311637727457256,0.0422842964905774,3.40549054201111e-06,3.99680288865056e-15,NA,6.11354716850698e-12,1.90358977428768e-05,-2.24645650181367e-05,7.42141987108576e-06
"trend_Winter","NO2",9633,247,39,0.801320194616978,0.683240261935866,0.864399241283364,0.314945662393111,0.0386677371571465,0.00697850906713073,0.0589170328357258,1.1462637975878e-07,3.5527136788005e-15,NA,1.94079770225688e-11,7.33607169170448e-05,-1.2587075441877e-06,-4.81843347679253e-05
"trend_Winter","CO",9633,247,39,0.689062801107492,0.543009699839713,0.809753680350932,0.262686057747998,0.0107027565067201,-0.0213779278560946,0.0270426290474673,1.64318904304753e-06,7.105427357601e-14,NA,1.57139428473802e-11,1.91888309344336e-07,-0.000266534356240909,-0.000562577838332431
"trend_Winter","SO2",9633,247,39,0.740606430469216,0.607350241634776,0.828984454087849,0.280489399633772,0.00637537654531524,-0.0193613768456441,0.0464282559252968,1.91897183206429e-08,1.11022302462516e-15,NA,7.72304442619998e-12,9.97835848479202e-05,2.51009151350943e-06,3.08252035993768e-06
"trend_Winter","O3",9633,247,39,0.71940138111744,0.597280027952208,0.819281587228749,0.255804974699968,0.0175592139559358,-0.0021594219294481,0.0462309314048489,8.53372330156291e-07,3.5527136788005e-15,NA,6.38050701374035e-12,9.92972883412663e-05,-2.09112523417621e-06,2.3048052537892e-05
"trend_Winter","PM10",9633,247,39,0.741854042335143,0.593649864022054,0.810475003661026,0.265861609830033,-0.000459957915149207,-0.0332875990916595,0.0269827206396855,9.84958260650166e-07,4.88498130835069e-15,NA,1.08440287413584e-11,3.4526872321709e-05,-8.22268684385209e-07,-1.69275169828921e-07
"trend_Spring","NO2",9633,247,39,0.809218190538289,0.663999737633825,0.896530301111319,0.399498368512956,0.038658739056311,0.00758821372057091,0.0524135165750969,5.45537853984937e-08,6.21724893790088e-15,NA,5.96407038484707e-12,3.2373143657964e-05,6.35349511560568e-06,7.34010713813629e-06
"trend_Spring","CO",9633,247,39,0.759731989009143,0.638297312126984,0.837721753453407,0.230899604834722,0.0143364453312297,-0.00670112557274681,0.0345651953437614,2.28670673387489e-06,4.9737991503207e-14,NA,6.4425113438342e-11,2.26118177827379e-07,1.87368329468327e-05,-0.000258449390934491
"trend_Spring","SO2",9633,247,39,0.788950600696989,0.64253423170923,0.874978286492566,0.324429634500981,-0.00634577501140255,-0.028975293947465,0.0270325657490692,1.5598339648103e-08,3.60822483003176e-16,NA,9.06270253951206e-12,6.14395201283571e-05,1.9599037550765e-06,1.60641435998681e-06
"trend_Spring","O3",9633,247,39,0.724773893589748,0.600275925102894,0.848119060683236,0.241022421909932,0.00920723147683951,-0.0162729996294612,0.0472526489675337,7.03455461727483e-07,3.5527136788005e-15,NA,2.60867685997999e-11,3.66460483329507e-05,-6.50794631474984e-06,-6.48313600011229e-08
"trend_Spring","PM10",9633,247,39,0.727118937918891,0.559753447016545,0.817534230425505,0.268754666872424,-0.0277530924325346,-0.0535337517378594,0.00777755306871595,4.60643083956584e-06,5.55111512312578e-15,NA,9.83185005776796e-12,1.36390572703296e-05,-7.0891883326782e-06,-1.48743518094654e-05
"trend_Summer","NO2",9633,247,39,0.754198124448485,0.607585686188269,0.869160566273202,0.39215575477693,0.0403105208112267,0.00531628702031538,0.0624968796087141,2.62460188335711e-06,3.10862446895044e-15,NA,5.88521545343356e-11,6.96517511804146e-05,2.57949517307539e-06,2.55516139227604e-05
"trend_Summer","CO",9633,247,39,0.705773255247204,0.587345907511319,0.806264460676358,0.236149067819984,0.00479886847703807,-0.00830021360635594,0.0481102275805604,7.97981266698242e-07,4.9737991503207e-14,NA,1.24811222021332e-11,4.2947407975149e-07,-8.65726125811703e-06,-0.000251313275482997
"trend_Summer","SO2",9633,247,39,0.756868482466501,0.606371172289248,0.849186162509121,0.318785187266455,0.00811714083936098,-0.0287843180375914,0.0336355534734459,1.62210851796159e-07,5.55111512312578e-16,NA,1.37447038931368e-11,9.92526430198804e-05,1.52335643805612e-06,4.91450004551496e-06
"trend_Summer","O3",9633,247,39,0.624236464109249,0.450874794508868,0.730528714125686,0.249297139561883,0.00312804745704234,-0.0310401194856497,0.0432692519591076,3.15326479314598e-06,4.44089209850063e-15,NA,9.24370139768524e-12,3.73817509258293e-05,-1.44541562349294e-05,7.85649221843647e-06
"trend_Summer","PM10",9633,247,39,0.703862611139466,0.557273517984174,0.804962255393832,0.297525185472887,-0.0296588606131365,-0.0607229698939638,0.0182666018096039,1.68779548615509e-07,7.105427357601e-15,NA,1.25181609980021e-11,3.60308745981409e-05,-1.08280113114733e-05,3.04447517297858e-05
"trend_Autumn","NO2",9633,247,39,0.773747019350733,0.624616017316979,0.882737664844907,0.418792188425591,0.0251807339706385,0.000872681759278207,0.0531169357573732,4.69443530659882e-09,7.99360577730113e-15,NA,2.27748087105154e-11,2.69648261874411e-05,-5.67329533964121e-07,-4.69380879858216e-06
"trend_Autumn","CO",9633,247,39,0.713576159704255,0.572674148277145,0.805717118602271,0.301911353308809,-0.00820833755928875,-0.0335314438225625,0.0429785297726707,1.70865938933416e-07,5.32907051820075e-14,NA,8.47416581351013e-12,1.30557658777959e-07,-9.23475200983224e-05,-0.000612282316955656
"trend_Autumn","SO2",9633,247,39,0.775571616345447,0.642839339864193,0.862184544656024,0.29327062999241,0.0196217536964297,-0.023232008852038,0.0493901375789832,1.90143889871186e-08,3.33066907387547e-16,NA,7.05071818915161e-12,4.25982908665775e-05,2.30988895704233e-06,-2.84876755643e-07
"trend_Autumn","O3",9633,247,39,0.673899913613797,0.537436195517574,0.779085001086662,0.360032532938569,0.00933742758216153,-0.0212105010427685,0.0466265818515489,1.03190615116454e-07,8.88178419700125e-15,NA,2.97790381688458e-11,2.93139773027447e-05,-2.97432679098103e-06,3.92569332429329e-05
"trend_Autumn","PM10",9633,247,39,0.714805201147297,0.57159634499961,0.81674379457443,0.281534773556002,0.00504825297780556,-0.0297396931030171,0.0425435133539322,2.02568425591807e-06,7.99360577730113e-15,NA,7.62959284210345e-12,1.65214445519341e-05,-1.52784173379099e-05,5.7185669294558e-05
"may_june","O3",6422,247,26,0.755113951629501,0.603777603897316,0.862941766334446,0.227888010559941,0.0103875974331903,-0.02199918636114,0.0475207986311494,5.67645788257108e-08,7.105427357601e-15,NA,9.94625417156297e-10,7.5499922435812e-05,-3.29495419387349e-05,-0.000137254978099826
"trends","NO2",38532,247,156,0.773436044517962,0.702561566992627,0.844698095138901,0.464338765483047,0.031075792108904,0.00452277923891071,0.0669507268472521,5.10619365173359e-06,1.77635683940025e-15,NA,4.22942912824839e-11,1.43478885145724e-05,4.26391938498706e-07,-1.73951405336302e-06
"trends","CO",38532,247,156,0.703776834052478,0.628420724441783,0.773975713584875,0.323037953361986,0.00812753907682205,-0.0175040321434555,0.0296264254049119,1.1725428568159e-06,2.55795384873636e-13,NA,1.83334720543345e-11,6.32735020370772e-08,-1.86225452806943e-05,-0.000103938672845314
"trends","SO2",38532,247,156,0.757246918424229,0.674037436696556,0.818481030012495,0.37095245092715,0.00324483134815359,-0.0239624760191281,0.0355741975422877,4.34281554087448e-08,5.55111512312578e-16,NA,6.04593969897486e-12,2.94922142984895e-05,4.48279424856204e-07,5.26335371327747e-08
"trends","O3",38532,247,156,0.707990435948323,0.629916409538751,0.767608018045831,0.371539077959342,0.00964507558817058,-0.0327839586175228,0.0505920541688641,6.06538801350534e-06,1.24344978758018e-14,NA,1.26736217581885e-11,1.19269611502299e-05,-1.30128141412376e-06,4.86765214505475e-06
"trends","PM10",38532,247,156,0.698691331751852,0.635632908437551,0.774520501569702,0.360892357630823,-0.0178744366848333,-0.0445165930223715,0.0235740920286648,1.49626509872788e-07,6.21724893790088e-15,NA,1.16594553161213e-11,7.07383702590508e-06,-2.07302675928728e-06,1.47309263877127e-06
"no_transport","NO2",38532,247,156,0.77502222009929,0.699188670135755,0.846172177242038,0.471495239005836,0.0323007795294874,0.0012970269750988,0.0682884968002274,5.25350093940336e-07,7.105427357601e-15,NA,1.64806819066671e-11,1.86018232852592e-05,2.56857916544883e-07,1.55664645894496e-05
"no_transport","CO",38532,247,156,0.711812026447399,0.631684905050861,0.782535453664177,0.336024659722446,0.00583852464864373,-0.0199124818300095,0.0336021359649435,8.23834970598281e-07,5.40012479177676e-13,NA,1.7593852387848e-11,6.34966769881539e-08,-1.09621831506035e-05,0.000237655305925389
"no_transport","SO2",38532,247,156,0.759631104557171,0.676602300772625,0.816775164265806,0.367205114581388,0.000699883085190369,-0.0214387207215155,0.0317071142468942,5.02495735851026e-06,1.22124532708767e-15,NA,1.02366228055399e-11,0.000208751246306308,2.12491028575083e-07,1.84055416440875e-06
"no_transport","O3",38532,247,156,0.710610610380742,0.630004904127639,0.764598396264553,0.389562650770954,0.00672688010251036,-0.0320889930799684,0.0498900596134774,5.54906907363651e-08,1.06581410364015e-14,NA,6.28177687678847e-12,1.40431234795016e-05,-1.98582734314984e-06,-5.71619354253937e-06
"no_transport","PM10",38532,247,156,0.702418385123984,0.639813439516433,0.774282878342756,0.369852784279866,-0.0170970306100352,-0.0413861250181521,0.0215948431195609,7.77347063525013e-06,6.21724893790088e-15,NA,7.1969207345352e-12,7.63483236077806e-06,-4.56374788687263e-06,4.72514791525575e-07
"k3","NO2",38532,247,156,0.755599288682556,0.692910044866124,0.844087880540504,0.449276200442182,0.00790675513248428,-0.0395472191171798,0.0588998232284567,1.06732903724874e-06,5.55111512312578e-15,NA,1.61409920288972e-11,1.51437237017155e-05,2.46808982990008e-06,1.09631538079012e-05
"k3","CO",38532,247,156,0.708122836374427,0.621869902364062,0.759834197264356,0.317290554096405,-0.0154611496524773,-0.0573681242144471,0.0325025284397438,9.80374568080218e-06,4.83169060316868e-13,NA,2.46453418772396e-12,5.15336943693487e-08,9.08700249933718e-06,0.000151527440673674
"k3","SO2",38532,247,156,0.74045972241859,0.667869329069036,0.81094027450742,0.352601605150795,-0.0202713271026442,-0.0573774634345855,0.00788597381624516,3.04353108747844e-08,1.4432899320127e-15,NA,1.12754830696593e-11,0.000147792455949066,2.97237746837445e-07,1.54539066537158e-06
"k3","O3",38532,247,156,0.701631596092463,0.627741708247736,0.754443341022298,0.384990251049064,-0.0257594931257713,-0.0743441517002424,0.0410842767427824,1.97579537045575e-06,1.24344978758018e-14,NA,6.55823174497591e-12,1.15282302559731e-05,-2.68043093381911e-06,-3.18105526784402e-06
"k3","PM10",38532,247,156,0.684458992104395,0.613475170716374,0.752971348223776,0.347299848999323,-0.0353167491866929,-0.085985656363717,-0.00246177194562533,8.84607936400902e-08,4.44089209850063e-15,NA,9.39645892440661e-12,6.48006625481088e-06,-3.55627084202834e-06,9.62090176703857e-07
"k7","NO2",38532,247,156,0.776894681004794,0.706307866953626,0.849153303504488,0.486984424481873,0.04576311705025,0.0191249624487329,0.0729334848309799,6.0780501118056e-06,2.66453525910038e-15,NA,5.26637506589087e-12,2.02679579607476e-05,-1.64967134653434e-06,1.9579652309889e-05
"k7","CO",38532,247,156,0.717943638611906,0.643242355519951,0.784075741376228,0.335383055707326,0.0246038783775872,-0.00433824468345968,0.047808956393784,6.77039877728501e-08,1.98951966012828e-13,NA,1.0555482414975e-11,7.22824153414448e-08,-4.88179454582692e-05,0.000318245527356343
"k7","SO2",38532,247,156,0.75245767443106,0.67114197862511,0.814064452711847,0.38169860694793,0.0274128218825093,0.004364947031435,0.0469468450328249,1.87065437542132e-07,7.7715611723761e-16,NA,2.68399746872205e-11,0.000193607557438442,3.38811903961865e-07,1.94743526271148e-06
"k7","O3",38532,247,156,0.711325032910052,0.633719767381212,0.762171371132341,0.392124202030421,0.0152426398726853,-0.0134799114921391,0.0522145599032338,5.15829114987832e-06,3.90798504668055e-14,NA,7.0223178232172e-12,1.52810610162229e-05,-1.48658250142248e-06,-5.92317466691672e-06
"k7","PM10",38532,247,156,0.715508269953563,0.654488743257765,0.772360634155817,0.371411239728846,0.0154653849516939,-0.00967116958931773,0.0430204055267894,5.18930900400775e-07,5.32907051820075e-15,NA,9.27741717566134e-12,8.26152442626382e-06,-4.08123022358732e-06,8.67460585335656e-07
"omit61","NO2",34632,222,156,0.782765313081084,0.709577265640637,0.855399930815448,0.508687285097227,0.0373776914488053,0.00854027541262968,0.0690307581916614,2.24883163557975e-07,9.76996261670138e-15,NA,5.87261988093641e-12,2.10099390199723e-05,-2.42016052598001e-06,1.89543400997591e-05
"omit61","CO",34632,222,156,0.705548523703896,0.616099608495803,0.77407576107228,0.33337378109115,0.00790410429790689,-0.0222055280557441,0.0354509255107835,2.76876229402513e-06,3.12638803734444e-13,NA,1.05961559468037e-11,6.89931091187274e-08,8.09718589352539e-06,0.000236668532545198
"omit61","SO2",34632,222,156,0.743153733739274,0.667167720706822,0.809700868200075,0.388707191352253,-0.000876155002722565,-0.0295079359814519,0.0272657748599585,2.34456198443034e-07,4.44089209850063e-16,NA,1.21200603607713e-11,0.000188076346989656,1.89204571696113e-07,4.52809998270194e-06
"omit61","O3",34632,222,156,0.711825952655384,0.62036136927101,0.766910366757627,0.395657465874771,0.00849728879675456,-0.0327731064391299,0.0574521079159563,4.29677722852433e-06,2.8421709430404e-14,NA,9.35242835414023e-12,1.57631471570773e-05,-1.1102592639264e-06,-9.9066015855942e-06
"omit61","PM10",34632,222,156,0.701548312177453,0.637856563881982,0.774943475422568,0.373851828209218,-0.0154986803573988,-0.048941826529671,0.0262265735436866,3.80348946500058e-06,5.32907051820075e-15,NA,6.94922466958542e-12,8.52163529371273e-06,-6.11358105736838e-06,4.49184887156292e-06
"omit79","NO2",33072,212,156,0.786694370266291,0.712821152989634,0.859657504628915,0.518874141581638,0.0401593837239604,0.0131899387527496,0.0712932932728387,5.44372144778738e-06,5.10702591327572e-15,NA,1.1487617175825e-11,2.23276223923341e-05,-4.04473087189461e-06,2.73101226901894e-05
"omit79","CO",33072,212,156,0.705638727829041,0.618079730025835,0.7813755663273,0.35597597316261,0.0114953639536084,-0.0144402635195932,0.0381630118849065,4.39581819010816e-06,4.2632564145606e-13,NA,1.15900133635876e-11,6.79338808241857e-08,-5.99490268800213e-05,0.00028148303477965
"omit79","SO2",33072,212,156,0.751584585194641,0.664681487441597,0.816658895582809,0.36681224959058,0.0131015272078103,-0.0111326339559558,0.0462304638297518,5.23294066245419e-06,2.22044604925031e-15,NA,9.27791805473864e-12,0.000191017128352118,-3.07790669979177e-07,5.0165506566612e-07
"omit79","O3",33072,212,156,0.707819417386886,0.633435898901686,0.765261386761621,0.388534575106395,0.0117864916544591,-0.026887302426391,0.0593001283993527,6.19171899993328e-08,4.08562073062058e-14,NA,8.10162108124661e-12,1.60461850180752e-05,-2.86937114869701e-06,-4.941925039997e-06
"omit79","PM10",33072,212,156,0.693650891245581,0.633733674867312,0.77696013388352,0.371191663060711,-0.00460730376805885,-0.0338801418759305,0.0335211205010789,3.27154630919763e-07,7.105427357601e-15,NA,5.28665999866007e-12,8.2944186902964e-06,-6.92589149657806e-06,2.06263801076324e-06
"omit97","NO2",36504,234,156,0.775033274964959,0.701776322445397,0.843226753493708,0.484656217353675,0.0378486367685961,0.00262855236100598,0.0694895299137603,2.88445173487558e-06,3.5527136788005e-15,NA,8.72996144838401e-11,1.88626593134211e-05,-8.02206159852775e-07,1.57465944453168e-05
"omit97","CO",36504,234,156,0.707419085812124,0.624453181329933,0.778568100560365,0.341182904865997,0.00652844828037282,-0.0227499778595886,0.0391662754908242,5.80057078423141e-06,3.83693077310454e-13,NA,8.96104812468198e-12,6.36380751377972e-08,-6.98760874467707e-05,0.000298614494039514
"omit97","SO2",36504,234,156,0.760517172752191,0.67630311020664,0.815933621840638,0.366629970330313,0.00462105945021979,-0.0190927291984678,0.039043152154794,6.45851809443645e-08,1.33226762955019e-15,NA,1.23827785587307e-11,0.000182558498514651,5.41533642708092e-07,1.28094671969537e-06
"omit97","O3",36504,234,156,0.71217096175818,0.636670908786194,0.770989379333413,0.380916259324301,0.0113738792760221,-0.0255356001037725,0.0531377514796482,8.61194209643653e-08,2.1316282072803e-14,NA,5.72392914612224e-12,1.43550355859888e-05,-3.07825498788242e-06,-3.29194836053501e-06
"omit97","PM10",36504,234,156,0.699387770455642,0.634737906991678,0.777001090401103,0.3686421083736,-0.00929749645601435,-0.0359444514419933,0.0308217696921163,1.98556512192108e-07,4.44089209850063e-15,NA,2.50570284322701e-11,7.86110370020442e-06,-2.38669085146574e-06,-1.72995515407469e-06
"start2013","NO2",35568,247,144,0.77450035548296,0.694367133711083,0.841475370812078,0.450167419809222,0.0303417854414026,0.00177106371337853,0.0638701871261453,5.00684086790021e-06,5.32907051820075e-15,NA,1.1728224592517e-11,1.84073558392736e-05,2.87252442836348e-07,1.59822893421253e-05
"start2013","CO",35568,247,144,0.697945247078019,0.623780965992344,0.777856994235438,0.316288670788891,0.00830837817941799,-0.0200496153891276,0.0335421263395594,4.70451787625904e-06,2.55795384873636e-13,NA,2.98060465198091e-11,6.70267761490839e-08,-2.76695596685644e-06,0.000205764925300739
"start2013","SO2",35568,247,144,0.756876743232271,0.676800226042241,0.81959689371515,0.34584701880493,-0.00371416195818261,-0.0297976467769394,0.021159014128041,5.89152790077031e-06,4.44089209850063e-16,NA,5.21588328084022e-12,0.000186286704328596,2.36685506894738e-07,1.91236107714051e-06
"start2013","O3",35568,247,144,0.710829838005731,0.627485685196865,0.765316382119657,0.379181228418787,0.0112865163668024,-0.0240543917464192,0.0519382739125354,5.79522050984164e-06,4.2632564145606e-14,NA,6.96728950490785e-12,1.35500733179218e-05,-1.7848844473657e-06,-5.70965567257533e-06
"start2013","PM10",35568,247,144,0.694467860689298,0.634388524547729,0.764932739903232,0.34877428303226,-0.0164303584572412,-0.0392255320415713,0.0227445276296707,9.77938194273507e-08,2.66453525910038e-15,NA,1.06689336274209e-11,7.74444697488118e-06,-4.73685448423856e-06,2.27944898861683e-06
"core2024","NO2",38532,247,156,0.777492436867193,0.699937655673707,0.844608316407413,0.47041251257407,0.03244341460839,0.00345566101227951,0.0675560796066612,5.91648259984179e-06,2.66453525910038e-15,NA,1.9673880619913e-11,1.84540878417047e-05,3.24362122818681e-07,1.46865170933234e-05
"core2024","CO",38532,247,156,0.710493174179371,0.631988507744697,0.782339089265365,0.341135920132919,0.00537821758567394,-0.0205058239977399,0.0312681521819063,3.6590962634548e-07,4.40536496171262e-13,NA,3.85761709498986e-11,6.34949040183863e-08,-1.18442168075788e-05,0.000223145707022738
"core2024","SO2",38532,247,156,0.759525121799303,0.677231300646702,0.816707238450623,0.36383747567692,0.0020188232085072,-0.022166692868769,0.0331083940728529,4.0511930000609e-06,1.16573417585641e-15,NA,1.02686601525213e-11,0.000207339246237005,2.34177112217721e-07,1.88583523813945e-06
"core2024","O3",38532,247,156,0.708465507421874,0.632572448546203,0.767872857764607,0.387552943730971,0.00559492140293599,-0.0318519562679761,0.0547900405537873,6.57479553339358e-08,3.01980662698043e-14,NA,1.45209926271152e-11,1.39584546346654e-05,-1.96192042064199e-06,-5.17540840299338e-06
"core2024","PM10",38532,247,156,0.703546560668319,0.641500708659852,0.773479940454582,0.366930030214023,-0.0164715734997605,-0.0404962895242384,0.0246394094906795,1.77981018128342e-07,2.66453525910038e-15,NA,7.05235869702392e-12,7.64000053661586e-06,-4.46315867033589e-06,1.26307499003632e-06
"jan2018","NO2",38532,247,156,0.776355053964218,0.699927768891171,0.846645086679091,0.469802826901785,0.033482371588625,0.00329413330682891,0.067246819949265,5.6733433425875e-06,1.77635683940025e-15,NA,2.15685731036397e-11,1.81648951150904e-05,4.36689814305671e-09,1.48592278444631e-05
"jan2018","CO",38532,247,156,0.709204961495356,0.630563429327814,0.779794433101797,0.340243684810115,0.00618596812183669,-0.018992068221123,0.0320648965817263,5.91857661148966e-06,4.9737991503207e-13,NA,7.043255982162e-12,6.32662000353175e-08,-1.79101985800196e-05,0.00026094848179856
"jan2018","SO2",38532,247,156,0.761751069804491,0.678895439358144,0.816392437030272,0.371031286955493,0.00178489458201419,-0.0231585679346472,0.0319346198785,3.25020808811378e-06,1.27675647831893e-15,NA,7.14017733827177e-12,0.000177471873347563,1.80629535710219e-07,1.90956482397622e-06
"jan2018","O3",38532,247,156,0.710569291063723,0.629031343043475,0.76292384753503,0.391214874779183,0.00713692520424712,-0.0326430546109786,0.0498498468574206,6.14789943523324e-06,2.8421709430404e-14,NA,8.78529711804044e-12,1.37671611344387e-05,-1.69754171028003e-06,-4.13254546119719e-06
"jan2018","PM10",38532,247,156,0.703647239564832,0.638898436548057,0.773374750964666,0.366130129836695,-0.0166580947976448,-0.040425547359173,0.0225555031677324,7.76947039467554e-06,5.32907051820075e-15,NA,6.62214335455238e-12,7.56876755850108e-06,-4.43003657484079e-06,2.90774544459204e-06
"jan2018_trends","NO2",38532,247,156,0.77538522284821,0.702188284886821,0.844995741183061,0.468007075119992,0.0310151008345513,0.00567722787269477,0.0674739847571456,2.3976328602083e-07,5.32907051820075e-15,NA,7.15984005777927e-12,1.43543605188637e-05,9.10476778140753e-09,-2.36679328832691e-06
"jan2018_trends","CO",38532,247,156,0.704028575886022,0.626076162477756,0.777290142478456,0.322552814167951,0.00630494480085141,-0.0181040904709706,0.0303795387082883,1.04867132319413e-05,2.8421709430404e-13,NA,1.3426588269074e-11,6.31611026017064e-08,-2.10599805592858e-05,-1.9359801871617e-05
"jan2018_trends","SO2",38532,247,156,0.757435735877567,0.674501147633351,0.818394305858583,0.369519033097812,0.00314861383095799,-0.0237575497556379,0.0355844314604474,5.73733885923342e-08,1.4432899320127e-15,NA,7.70348564361004e-12,2.94788864569084e-05,3.45364977273079e-07,1.06956731860079e-07
"jan2018_trends","O3",38532,247,156,0.707018108153293,0.631189683937901,0.766143390962373,0.379588979074267,0.00987001329481393,-0.0329128234533573,0.0503203303612028,6.010607522903e-06,1.77635683940025e-14,NA,1.16146004825558e-11,1.19481283102804e-05,-8.04291202773555e-07,7.19592518305511e-06
"jan2018_trends","PM10",38532,247,156,0.698112802260367,0.635383148114425,0.774402014364284,0.362007594572996,-0.0173030981702454,-0.0439483346498937,0.0224124003591934,1.29931204696946e-07,5.32907051820075e-15,NA,3.68563480289437e-12,7.07485134581956e-06,-1.70184308257978e-06,6.23553563670711e-06
"jul2020","NO2",38532,247,156,0.775651337901365,0.700159815590407,0.847123561905412,0.468753864636384,0.0330470724759374,0.00313549071327651,0.0661655200420844,5.59379702070046e-07,6.21724893790088e-15,NA,1.63810843220311e-11,1.81714535020609e-05,6.64397486672102e-07,1.46463436838431e-05
"jul2020","CO",38532,247,156,0.708689600446364,0.631609893869458,0.781316449310261,0.34180665717253,0.00565913992653958,-0.019450387914202,0.0320766885103079,5.66000938521468e-06,2.27373675443232e-13,NA,2.98688723079038e-11,6.32966537338327e-08,-3.12773477559634e-06,0.000220060640925377
"jul2020","SO2",38532,247,156,0.760542311557502,0.679099819133154,0.816382817229181,0.367677436023019,0.00122429425484002,-0.0235325781027568,0.0320212824714925,3.09387844365966e-06,9.99200722162641e-16,NA,3.92701571284611e-12,0.0001776779640917,1.81281811541187e-07,1.94405920782877e-06
"jul2020","O3",38532,247,156,0.710691778781736,0.628595349893133,0.762864528596931,0.38832848876653,0.00718573364768064,-0.0328314325614602,0.0495606937039486,8.71879061418593e-08,5.15143483426073e-14,NA,6.17362004461021e-12,1.37594124259705e-05,-1.83047698078307e-06,-4.83728104509964e-06
"jul2020","PM10",38532,247,156,0.704253583995378,0.638920854612856,0.772475454833377,0.365805456067161,-0.0163245013556926,-0.0409189144378491,0.02262739233596,1.6887205684616e-07,1.77635683940025e-15,NA,8.79708363432725e-12,7.57283565211629e-06,-3.99184477875296e-06,1.0023257660731e-06
"jul2020_trends","NO2",38532,247,156,0.774023411650049,0.702550181801744,0.844767623784406,0.464882361623091,0.0310182861212143,0.00440839844542779,0.0674011570426469,6.77485464866652e-06,1.19904086659517e-14,NA,1.66291733352857e-11,1.43422692189601e-05,7.13806210012569e-07,-1.68881051245501e-06
"jul2020_trends","CO",38532,247,156,0.704830631288995,0.628534465325378,0.774042705109454,0.320814562455614,0.00801985388034062,-0.0175201278167264,0.0296539579496789,1.12713252643607e-06,1.98951966012828e-13,NA,8.70660443954097e-12,6.32385318461267e-08,-9.3755022704756e-06,-0.000107006485819996
"jul2020_trends","SO2",38532,247,156,0.757203287562174,0.673712715584211,0.818468690244122,0.37094150353564,0.00312642902833132,-0.0240526238146093,0.0355370516997314,4.08190114232307e-08,1.69309011255336e-15,NA,3.61051127056434e-12,2.94790645537688e-05,3.89456321203877e-07,1.4750412708693e-07
"jul2020_trends","O3",38532,247,156,0.70724879046224,0.629537509203403,0.767557930200642,0.371617989689915,0.00975838612248889,-0.0331122076929251,0.0512818741636139,6.03351875842993e-06,4.2632564145606e-14,NA,4.13437331067064e-11,1.19258135246069e-05,-1.06303767074888e-06,4.88027652959194e-06
"jul2020_trends","PM10",38532,247,156,0.699063133325961,0.63586300674938,0.774194095403513,0.361005346470216,-0.0177206056037096,-0.0444874617197922,0.023562832878757,1.45312915859736e-07,6.21724893790088e-15,NA,1.05470553804389e-11,7.07285684660161e-06,-1.48548062617085e-06,1.65613299800581e-06
"dec2020","NO2",38532,247,156,0.774677565341579,0.700719122341711,0.847134023094535,0.468743994365992,0.0330067281398339,0.00315717313631823,0.0661818555194481,5.6846456554042e-06,2.88657986402541e-15,NA,1.26240115313533e-11,1.81778419958598e-05,7.04769845974268e-07,1.45060956832569e-05
"dec2020","CO",38532,247,156,0.708846238471959,0.631497232223982,0.781433114253999,0.341406883753818,0.00580335344673403,-0.0194438723321561,0.0321979601975006,3.73263892432071e-06,5.6843418860808e-14,NA,9.26519465939349e-12,6.33019218806639e-08,3.96160949939391e-06,0.000215924713110361
"dec2020","SO2",38532,247,156,0.760182082482936,0.678996687032192,0.816375398931582,0.367728910820887,0.00120092812520478,-0.0235532865796527,0.0317153560910022,3.00115160069615e-06,1.66533453693773e-15,NA,1.11317458496739e-11,0.000177782902676183,1.99987304338409e-07,1.9577811070195e-06
"dec2020","O3",38532,247,156,0.711350443235417,0.628626457026924,0.762881497336379,0.388104949855551,0.00716352556216484,-0.0327474654083277,0.0495640394590941,1.00482055640688e-07,3.19744231092045e-14,NA,1.49093713163363e-11,1.37632231446245e-05,-1.71183921902121e-06,-5.01155522412905e-06
"dec2020","PM10",38532,247,156,0.702247126281131,0.638748152301953,0.772068859027665,0.365527804696382,-0.0161561986536038,-0.0408402664219288,0.0228442874178682,1.72491744595379e-07,4.44089209850063e-15,NA,1.12606234149297e-11,7.57375875631243e-06,-3.90160474394157e-06,6.67192451710036e-07
"dec2020_trends","NO2",38532,247,156,0.773293820719707,0.702535812430282,0.844755819614254,0.465430289124555,0.0310541157383718,0.00413156210389393,0.06704111740664,5.14542411504478e-06,1.4210854715202e-14,NA,3.07373779268557e-11,1.43471276144717e-05,5.58070258345099e-07,-1.87608950481935e-06
"dec2020_trends","CO",38532,247,156,0.704856283588569,0.628181712871496,0.774350125886335,0.323504057765944,0.00753882969134232,-0.0176744763935187,0.0296483001893395,1.09256462301716e-06,1.4210854715202e-13,NA,1.2013918295264e-11,6.32131434223268e-08,-2.06328548717054e-06,-0.000106565919983549
"dec2020_trends","SO2",38532,247,156,0.757188297497697,0.674335877782183,0.81846305520464,0.369030741252759,0.00305765553072794,-0.0241720383674689,0.0354951263671667,4.44548090564774e-08,4.44089209850063e-16,NA,7.14822658800347e-12,2.94707987993341e-05,4.29099640776087e-07,2.17104749063977e-07
"dec2020_trends","O3",38532,247,156,0.707296871816645,0.62984376230518,0.767147085443213,0.372531242417818,0.00973226024604144,-0.0329643867583364,0.0512011600586651,6.75099218043915e-08,4.79616346638068e-14,NA,9.35135010158152e-12,1.19257132237085e-05,-8.38446104116784e-07,4.54517646460119e-06
"dec2020_trends","PM10",38532,247,156,0.69904558616372,0.634755119628162,0.774301741510283,0.360731995446276,-0.0182035266073953,-0.0446975284109682,0.023745223937765,8.0645219711242e-06,4.44089209850063e-15,NA,1.15187667237039e-11,7.07024816446558e-06,-1.43028808226557e-06,1.06761119032294e-06
"nearest","NO2",38532,247,156,0.735119639718691,0.672498383601631,0.808307444401791,0.366201512375006,0.0280441169888608,-0.00536649154486993,0.0599297150190557,3.59875122751945e-06,2.66453525910038e-15,NA,2.66346344930177e-11,2.79581114210491e-05,9.34758226197881e-06,3.61705163317985e-05
"nearest","CO",38532,247,156,0.703286817758999,0.629769717072611,0.767156806200982,0.295134562409308,-0.00309004668092841,-0.052892040207063,0.0600430051639573,3.82675955076245e-06,1.06581410364015e-13,NA,4.58684962152114e-11,5.0819452599581e-08,1.73178410483358e-05,0.00031134512541265
"nearest","SO2",38532,247,156,0.719918401611467,0.638128766410073,0.782745748736285,0.288262739154806,-0.00269537944036181,-0.0326796079287639,0.0400398705008724,7.13958166021109e-08,5.10702591327572e-15,NA,1.63502699626754e-11,0.000263520227852227,1.65637675967159e-06,6.21441251989763e-06
"nearest","O3",38532,247,156,0.694253369529313,0.626188566977637,0.750162167815176,0.319123419265386,0.0180625441334633,-0.0289967861499015,0.0580660944514918,3.70186018459572e-06,8.43769498715119e-15,NA,1.15418230528519e-11,1.90615635513195e-05,-8.41421627064911e-06,-1.19497207576093e-05
"nearest","PM10",38532,247,156,0.71992384044878,0.654963603146875,0.773960470569098,0.330447167014005,0.00425605169544397,-0.0290612203523634,0.0426931478568963,3.31659400006353e-07,2.66453525910038e-15,NA,1.67560409991552e-11,9.34290838817547e-06,-1.65531722478717e-05,1.07662306216547e-05
"nearest_trends","NO2",38532,247,156,0.736025857228409,0.66926405164203,0.805356248376038,0.35538203996332,0.0247160253525309,-0.00439157000856353,0.0580981911550801,3.41852402434476e-06,2.83106871279415e-15,NA,6.75228131812958e-12,2.30480061692723e-05,2.73808363899002e-06,3.65359117087956e-06
"nearest_trends","CO",38532,247,156,0.704650575669762,0.622921985874885,0.768195382452024,0.303691308325622,-0.00340260378552103,-0.0500406177862628,0.062450796636728,3.7311939942189e-07,1.20792265079217e-13,NA,1.99998305779799e-11,5.06535550283445e-08,-3.66374764971846e-05,-0.00028666849049931
"nearest_trends","SO2",38532,247,156,0.714916384831065,0.636502758273516,0.785458515828821,0.296548597570756,-0.00111839927107976,-0.0354506064263558,0.0425958735990918,1.07693731096782e-06,3.99680288865056e-15,NA,1.79344537129393e-11,7.30747367480246e-05,1.62491580355256e-06,-2.40183207899142e-07
"nearest_trends","O3",38532,247,156,0.698547246239269,0.626507174841479,0.753638194068676,0.321996633653503,0.0158890282264053,-0.0327840681667494,0.0581491884838229,4.01551315796867e-06,8.88178419700125e-16,NA,9.12415872605745e-12,1.70659989896908e-05,-2.44656154512442e-06,7.6903829380092e-06
"nearest_trends","PM10",38532,247,156,0.716898666917746,0.648693731976479,0.768891465724071,0.321869173367709,-0.000488604465141079,-0.0319522853771268,0.0433661935910233,4.58001927634542e-06,5.32907051820075e-15,NA,1.16279979214756e-11,8.90274824526207e-06,-5.20836746261643e-06,2.41423269979055e-06
