"specification","outcome","n","units","periods","component","estimate","se","low","high","p","rho","pre_mean","relative_percent"
"monthly","NO2",38532,247,156,"Direct",0.101910619490038,0.0539449564582689,-0.00382149516816904,0.207642734148245,0.0588704782772561,0.843888309339444,29.5092135021386,0.345351866062619
"monthly","NO2",38532,247,156,"Indirect",-1.96981838358315,0.16732477754315,-2.29777494756773,-1.64186181959858,5.41453757709264e-32,0.843888309339444,29.5092135021386,-6.67526561980512
"monthly","NO2",38532,247,156,"Total",-1.86790776409311,0.172201735300793,-2.20542316528267,-1.53039236290356,2.05613873578776e-27,0.843888309339444,29.5092135021386,-6.3299137537425
"monthly","CO",38532,247,156,"Direct",5.54708646535242,1.25249150036823,3.09220312463069,8.00196980607416,9.47405682888217e-06,0.792528290428282,550.425613572033,1.00778131114832
"monthly","CO",38532,247,156,"Indirect",-12.6749953726158,2.96233999350294,-18.4811817598816,-6.86880898535003,1.87979125194594e-05,0.792528290428282,550.425613572033,-2.30276263678217
"monthly","CO",38532,247,156,"Total",-7.12790890726337,2.96558296863195,-12.940451525782,-1.31536628874476,0.0162370165423607,0.792528290428282,550.425613572033,-1.29498132563385
"monthly","SO2",38532,247,156,"Direct",-0.0418881262173894,0.0151566933199831,-0.0715952451245563,-0.0121810073102225,0.00571549919226504,0.836721195316024,5.19974108959282,-0.805580999046812
"monthly","SO2",38532,247,156,"Indirect",-0.0423972944172409,0.044089275646921,-0.128812274685206,0.0440176858507242,0.336238638783304,0.836721195316024,5.19974108959282,-0.815373182755163
"monthly","SO2",38532,247,156,"Total",-0.0842854206346304,0.0451956321673313,-0.1728688596826,0.00429801841333896,0.0621951550448452,0.836721195316024,5.19974108959282,-1.62095418180197
"monthly","O3",38532,247,156,"Direct",-0.040592222901709,0.0558040934135254,-0.149968245992219,0.0687838001888008,0.466977383976571,0.859112644077739,23.9284544794125,-0.169639969587813
"monthly","O3",38532,247,156,"Indirect",0.603945279514032,0.18534966340145,0.240659939247191,0.967230619780874,0.001120382316228,0.859112644077739,23.9284544794125,2.52396275753477
"monthly","O3",38532,247,156,"Total",0.563353056612323,0.191668839344497,0.187682131497109,0.939023981727537,0.00329060636882039,0.859112644077739,23.9284544794125,2.35432278794696
"monthly","PM10",38532,247,156,"Direct",-0.769709752247943,0.0798670901172282,-0.926249248877711,-0.613170255618176,5.55868988522463e-22,0.88203476454109,48.7523083608979,-1.57881704092866
"monthly","PM10",38532,247,156,"Indirect",0.662153548342665,0.311529926769705,0.0515548918740434,1.27275220481129,0.0335457999769492,0.88203476454109,48.7523083608979,1.35819937681915
"monthly","PM10",38532,247,156,"Total",-0.107556203905279,0.324195889941662,-0.742980148190935,0.527867740380378,0.740068218369938,0.88203476454109,48.7523083608979,-0.220617664109511
"Winter","NO2",9633,247,39,"Direct",0.156619248976243,0.113660185438871,-0.0661547144839442,0.379393212436431,0.168215475777281,0.826945461870873,35.3125443110506,0.443522980379613
"Winter","NO2",9633,247,39,"Indirect",-1.33991210745591,0.320882396323719,-1.9688416042504,-0.710982610661421,2.97056941180383e-05,0.826945461870873,35.3125443110506,-3.79443660488831
"Winter","NO2",9633,247,39,"Total",-1.18329285847967,0.327538524092763,-1.82526836570148,-0.541317351257852,0.000303045090399225,0.826945461870873,35.3125443110506,-3.3509136245087
"Winter","CO",9633,247,39,"Direct",2.9053524298004,2.69904723779995,-2.38478015628749,8.19548501588829,0.281732173921089,0.790507280743516,717.88441976305,0.404710333560291
"Winter","CO",9633,247,39,"Indirect",-16.648511770157,6.43683065005011,-29.2646998442552,-4.03232369605875,0.00969714999997976,0.790507280743516,717.88441976305,-2.31910754876838
"Winter","CO",9633,247,39,"Total",-13.7431593403566,6.43911020077248,-26.3638153338706,-1.1225033468425,0.0328161168186345,0.790507280743516,717.88441976305,-1.91439721520809
"Winter","SO2",9633,247,39,"Direct",-0.0938565786050357,0.0307155348027335,-0.154059026818393,-0.0336541303916781,0.00224557276352171,0.769934388304166,6.49022257274495,-1.44612264915501
"Winter","SO2",9633,247,39,"Indirect",-0.37398768399777,0.0699235462325316,-0.511037834613531,-0.236937533382008,8.86749875730854e-08,0.769934388304166,6.49022257274495,-5.76232447818191
"Winter","SO2",9633,247,39,"Total",-0.467844262602805,0.069325195922707,-0.603721646611311,-0.3319668785943,1.4933422134029e-11,0.769934388304166,6.49022257274495,-7.20844712733692
"Winter","O3",9633,247,39,"Direct",-0.164281070742432,0.0828236146601187,-0.326615355476265,-0.00194678600859946,0.0473110262915329,0.793851224578857,14.0414679230826,-1.16997077258833
"Winter","O3",9633,247,39,"Indirect",-0.485516867844591,0.202639184846991,-0.882689670144694,-0.0883440655444879,0.0165765674764409,0.793851224578857,14.0414679230826,-3.45773583292139
"Winter","O3",9633,247,39,"Total",-0.649797938587023,0.203292986014461,-1.04825219117537,-0.251343685998679,0.00139172469985868,0.793851224578857,14.0414679230826,-4.62770660550972
"Winter","PM10",9633,247,39,"Direct",-1.07922255076819,0.164527199155936,-1.40169586111382,-0.75674924042255,5.3974439536343e-11,0.848949296944643,56.64846602529,-1.90512228572329
"Winter","PM10",9633,247,39,"Indirect",-0.167078500871663,0.521728219554329,-1.18966581119815,0.855508809454822,0.748786031184359,0.848949296944643,56.64846602529,-0.294939144154535
"Winter","PM10",9633,247,39,"Total",-1.24630105163985,0.537467901835735,-2.29973813923789,-0.192863964041808,0.0204038161518594,0.848949296944643,56.64846602529,-2.20006142987782
"Spring","NO2",9633,247,39,"Direct",0.212952651461079,0.103230128885481,0.010621598845536,0.415283704076623,0.0391228494784837,0.839051877420267,31.2341942231529,0.681793325416491
"Spring","NO2",9633,247,39,"Indirect",-2.1887218972961,0.324232190872977,-2.82421699140714,-1.55322680318507,1.47360036317898e-11,0.839051877420267,31.2341942231529,-7.00745433565139
"Spring","NO2",9633,247,39,"Total",-1.97576924583502,0.332798396780218,-2.62805410352425,-1.32348438814579,2.90576434574539e-09,0.839051877420267,31.2341942231529,-6.3256610102349
"Spring","CO",9633,247,39,"Direct",5.19376469868482,2.19984436802564,0.882069737354565,9.50545966001507,0.0182272465910088,0.767816780577575,523.999357030053,0.991177685431195
"Spring","CO",9633,247,39,"Indirect",-11.8322829471411,4.90015249909972,-21.4365818453765,-2.22798404890566,0.0157491917275099,0.767816780577575,523.999357030053,-2.25807203547055
"Spring","CO",9633,247,39,"Total",-6.63851824845629,4.82766638585341,-16.100744364729,2.8237078678164,0.169100816714692,0.767816780577575,523.999357030053,-1.26689435003935
"Spring","SO2",9633,247,39,"Direct",-0.0729716966490263,0.028883378892455,-0.129583119278238,-0.0163602740198145,0.0115229919501532,0.837416877076757,5.56275009642476,-1.31179174660257
"Spring","SO2",9633,247,39,"Indirect",-0.0738839125045001,0.0874080198343827,-0.24520363137989,0.0974358063708899,0.397956686658112,0.837416877076757,5.56275009642476,-1.3281903954662
"Spring","SO2",9633,247,39,"Total",-0.146855609153526,0.0895390443818455,-0.322352136141944,0.0286409178348908,0.100978287853209,0.837416877076757,5.56275009642476,-2.63998214206876
"Spring","O3",9633,247,39,"Direct",-0.105933475396308,0.12079727957408,-0.342696143361505,0.130829192568889,0.38051244272847,0.788428841699239,31.3926865991399,-0.337446350957457
"Spring","O3",9633,247,39,"Indirect",1.47219133082631,0.294580694224051,0.894813170147174,2.04956949150545,5.80534958150278e-07,0.788428841699239,31.3926865991399,4.68959968168717
"Spring","O3",9633,247,39,"Total",1.36625785543001,0.294635853434063,0.788771582699241,1.94374412816077,3.53320245141471e-06,0.788428841699239,31.3926865991399,4.35215333072971
"Spring","PM10",9633,247,39,"Direct",-0.613748305213661,0.167004587224839,-0.941077296174346,-0.286419314252976,0.000237813452949982,0.893660538411341,59.955229370003,-1.02367768693874
"Spring","PM10",9633,247,39,"Indirect",1.36243279268207,0.742963250237457,-0.0937751777833509,2.81864076314748,0.0666863291776576,0.893660538411341,59.955229370003,2.27241694677549
"Spring","PM10",9633,247,39,"Total",0.748684487468404,0.773581074424917,-0.767534418404433,2.26490339334124,0.333136047939711,0.893660538411341,59.955229370003,1.24873925983676
"Summer","NO2",9633,247,39,"Direct",-0.0415458053921699,0.0820091048459818,-0.202283650890294,0.119192040105954,0.612435569302817,0.836501037845495,21.6198936239811,-0.192164707721257
"Summer","NO2",9633,247,39,"Indirect",-2.13429781784295,0.257719396102711,-2.63942783420427,-1.62916780148164,1.21654586330162e-16,0.836501037845495,21.6198936239811,-9.87191637000267
"Summer","NO2",9633,247,39,"Total",-2.17584362323512,0.265624215704063,-2.69646708601509,-1.65522016045516,2.58128795789048e-16,0.836501037845495,21.6198936239811,-10.0640810777239
"Summer","CO",9633,247,39,"Direct",5.89403105983064,2.26134826958357,1.46178845144685,10.3262736682144,0.0091493284237264,0.751635315312062,426.007853067774,1.38354986120243
"Summer","CO",9633,247,39,"Indirect",-9.379335346078,4.68407856211632,-18.560129327826,-0.198541364330008,0.0452431868869556,0.751635315312062,426.007853067774,-2.20168132548154
"Summer","CO",9633,247,39,"Total",-3.48530428624736,4.58427369482019,-12.4704807280949,5.49987215560022,0.4470907954478,0.751635315312062,426.007853067774,-0.818131464279105
"Summer","SO2",9633,247,39,"Direct",0.00371358520426611,0.0291774610968893,-0.0534742385456368,0.0609014089541691,0.898722099728094,0.849243383334013,4.27995263663899,0.0867669696266164
"Summer","SO2",9633,247,39,"Indirect",0.110482538046539,0.0926626072059435,-0.0711361720771109,0.292101248170188,0.233139778990921,0.849243383334013,4.27995263663899,2.5813962776303
"Summer","SO2",9633,247,39,"Total",0.114196123250805,0.0957467144128271,-0.0734674369983365,0.301859683499946,0.23299090805754,0.849243383334013,4.27995263663899,2.66816324725691
"Summer","O3",9633,247,39,"Direct",0.210696189825285,0.110545440565848,-0.00597287368377705,0.427365253334347,0.0566542195330503,0.860787426464034,31.1772169423713,0.675801788898416
"Summer","O3",9633,247,39,"Indirect",1.67161802679113,0.385921995993936,0.915210914643017,2.42802513893925,1.48102349660126e-05,0.860787426464034,31.1772169423713,5.36166531438964
"Summer","O3",9633,247,39,"Total",1.88231421661642,0.400419748294402,1.09749150995939,2.66713692327344,2.59077476145025e-06,0.860787426464034,31.1772169423713,6.03746710328806
"Summer","PM10",9633,247,39,"Direct",-0.499734965295035,0.13341772774006,-0.761233711665553,-0.238236218924517,0.000179933459864628,0.869982329124206,37.050927234789,-1.3487785666692
"Summer","PM10",9633,247,39,"Indirect",0.845072173079851,0.48466955516975,-0.10488015505286,1.79502450121256,0.081228022048836,0.869982329124206,37.050927234789,2.28083947191035
"Summer","PM10",9633,247,39,"Total",0.345337207784816,0.503962234651192,-0.642428772131521,1.33310318770115,0.493189824783816,0.869982329124206,37.050927234789,0.932060905241155
"Autumn","NO2",9633,247,39,"Direct",0.0612733717966725,0.103879077260283,-0.142329619633483,0.264876363226827,0.555289294000098,0.845942273475773,29.6339045105106,0.206767797928687
"Autumn","NO2",9633,247,39,"Indirect",-1.90992094878012,0.322556934514494,-2.54213254042853,-1.27770935713171,3.19620007235846e-09,0.845942273475773,29.6339045105106,-6.44505332769331
"Autumn","NO2",9633,247,39,"Total",-1.84864757698344,0.332583456596231,-2.50051115191206,-1.19678400205483,2.7218529784826e-08,0.845942273475773,29.6339045105106,-6.23828552976462
"Autumn","CO",9633,247,39,"Direct",7.16569274137927,2.34553745598049,2.56843932765751,11.762946155101,0.00225036268241739,0.778576968327057,530.323551930055,1.35119262859447
"Autumn","CO",9633,247,39,"Indirect",-16.0371630606303,5.19702541092111,-26.2233328660356,-5.85099325522489,0.00202981406663663,0.778576968327057,530.323551930055,-3.02403372474497
"Autumn","CO",9633,247,39,"Total",-8.87147031925099,5.16027062860451,-18.9856007513158,1.24266011281384,0.0855803222983063,0.778576968327057,530.323551930055,-1.6728410961505
"Autumn","SO2",9633,247,39,"Direct",-0.0370768234786197,0.0244985762331998,-0.0850940328956913,0.0109403859384519,0.130171057475374,0.805806945393857,4.39295093283243,-0.844007229889859
"Autumn","SO2",9633,247,39,"Indirect",0.00663312709089665,0.0604708373105606,-0.111889714037802,0.125155968219595,0.912654169759542,0.805806945393857,4.39295093283243,0.150994791253446
"Autumn","SO2",9633,247,39,"Total",-0.0304436963877231,0.0610732050871033,-0.150147178358445,0.0892597855829993,0.618146626457973,0.805806945393857,4.39295093283243,-0.693012438636413
"Autumn","O3",9633,247,39,"Direct",-0.0169610636802741,0.09307120159168,-0.199380618799967,0.165458491439419,0.855396340067833,0.845421575081298,18.8402125883395,-0.090025861442623
"Autumn","O3",9633,247,39,"Indirect",0.00768759031042015,0.280264645310517,-0.541631114498193,0.557006295119033,0.97811696681356,0.845421575081298,18.8402125883395,0.0408041590527386
"Autumn","O3",9633,247,39,"Total",-0.009273473369854,0.288646763758338,-0.575021130336197,0.556474183596489,0.974370443439356,0.845421575081298,18.8402125883395,-0.0492217023898843
"Autumn","PM10",9633,247,39,"Direct",-0.851672516877432,0.138897947824618,-1.12391249461368,-0.57943253914118,8.6976548858736e-10,0.854533570587772,40.3527206061825,-2.11057025172906
"Autumn","PM10",9633,247,39,"Indirect",0.93906362989305,0.441804252617402,0.0731272947629431,1.80499996502316,0.0335432744182023,0.854533570587772,40.3527206061825,2.32713833363983
"Autumn","PM10",9633,247,39,"Total",0.0873911130156189,0.456590854284078,-0.807526961381174,0.982309187412412,0.84821286604102,0.854533570587772,40.3527206061825,0.216568081910764
"trend_Winter","NO2",9633,247,39,"Direct",0.201438075333703,0.137465937342141,-0.0679951618568927,0.470871312524299,0.142820761992026,0.817906440759444,35.3125443110506,0.570443391332371
"trend_Winter","NO2",9633,247,39,"Indirect",1.12431590233001,0.516224436852875,0.112516006098372,2.13611579856164,0.0294090541188665,0.817906440759444,35.3125443110506,3.18389944498609
"trend_Winter","NO2",9633,247,39,"Total",1.32575397766371,0.542068345090393,0.26330002128654,2.38820793404088,0.0144558351114879,0.817906440759444,35.3125443110506,3.75434283631846
"trend_Winter","CO",9633,247,39,"Direct",9.24742697516661,3.23454957174047,2.90770981455528,15.5871441357779,0.00425041019777505,0.786638928294112,717.88441976305,1.28814983590518
"trend_Winter","CO",9633,247,39,"Indirect",17.9649954615917,10.5299888830996,-2.67378274928361,38.6037736724669,0.0879933266714351,0.786638928294112,717.88441976305,2.50249134359558
"trend_Winter","CO",9633,247,39,"Total",27.2124224367583,10.9911665624825,5.66973597429266,48.7551088992239,0.013292134974594,0.786638928294112,717.88441976305,3.79064117950076
"trend_Winter","SO2",9633,247,39,"Direct",-0.0551571697082864,0.0369515090814213,-0.127582127507872,0.0172677880912995,0.135518198995596,0.762899651866113,6.49022257274495,-0.849850202979378
"trend_Winter","SO2",9633,247,39,"Indirect",-0.0531685211542082,0.109098877404761,-0.26700232086754,0.160665278559123,0.626015624584753,0.762899651866113,6.49022257274495,-0.819209519523786
"trend_Winter","SO2",9633,247,39,"Total",-0.108325690862495,0.113159181666631,-0.330117686929091,0.113466305204102,0.338422962146475,0.762899651866113,6.49022257274495,-1.66905972250316
"trend_Winter","O3",9633,247,39,"Direct",-0.0273383004191626,0.0998039165608701,-0.222953976878468,0.168277376040143,0.784146012149709,0.789938291879287,14.0414679230826,-0.194696883323869
"trend_Winter","O3",9633,247,39,"Indirect",0.0147470928727299,0.327982458032637,-0.628098524871239,0.657592710616699,0.964136758031374,0.789938291879287,14.0414679230826,0.10502529332056
"trend_Winter","O3",9633,247,39,"Total",-0.0125912075464328,0.342556937746622,-0.684002805529811,0.658820390436946,0.970679127222938,0.789938291879287,14.0414679230826,-0.0896715900033087
"trend_Winter","PM10",9633,247,39,"Direct",-0.404315682950828,0.198971674887316,-0.794300165729968,-0.0143312001716877,0.0421509901471642,0.850011128705933,56.64846602529,-0.71372750459002
"trend_Winter","PM10",9633,247,39,"Indirect",-0.429701466422513,0.888289553293961,-2.17074899087868,1.31134605803365,0.628570179480591,0.850011128705933,56.64846602529,-0.758540339345954
"trend_Winter","PM10",9633,247,39,"Total",-0.83401714937334,0.936068334017661,-2.66871108404796,1.00067678530128,0.372940481516894,0.850011128705933,56.64846602529,-1.47226784393597
"trend_Spring","NO2",9633,247,39,"Direct",0.248979624396681,0.125020637785291,0.00393917433751034,0.494020074455852,0.0464250454423141,0.831070596404085,31.2341942231529,0.79713797838947
"trend_Spring","NO2",9633,247,39,"Indirect",-0.0136898207041759,0.507487540037106,-1.0083653991769,0.980985757768552,0.978479132745302,0.831070596404085,31.2341942231529,-0.0438295945986917
"trend_Spring","NO2",9633,247,39,"Total",0.235289803692505,0.533582523436458,-0.810531942242952,1.28111154962796,0.659240253642372,0.831070596404085,31.2341942231529,0.753308383790778
"trend_Spring","CO",9633,247,39,"Direct",10.2913252138101,2.63649058940841,5.12380365856962,15.4588467690506,9.48436349951936e-05,0.767620862877038,523.999357030053,1.96399577131921
"trend_Spring","CO",9633,247,39,"Indirect",-4.69515109944642,8.03270573161147,-20.4392543334049,11.0489521345121,0.55888106818992,0.767620862877038,523.999357030053,-0.896022301641325
"trend_Spring","CO",9633,247,39,"Total",5.59617411436369,8.34036791588608,-10.750947000773,21.9432952295004,0.502236780307002,0.767620862877038,523.999357030053,1.06797346967789
"trend_Spring","SO2",9633,247,39,"Direct",-0.0784004532452306,0.0351041670854422,-0.147204620732697,-0.00959628575776382,0.0255248183653106,0.83408647006043,5.56275009642476,-1.40938298298929
"trend_Spring","SO2",9633,247,39,"Indirect",-0.00459883212201634,0.144883269033818,-0.2885700394283,0.279372375184267,0.974678090138908,0.83408647006043,5.56275009642476,-0.0826719166293676
"trend_Spring","SO2",9633,247,39,"Total",-0.0829992853672469,0.152387670587571,-0.381679119718886,0.215680548984392,0.585988207774514,0.83408647006043,5.56275009642476,-1.49205489961865
"trend_Spring","O3",9633,247,39,"Direct",0.0137424541603567,0.145690458168396,-0.271810843849699,0.299295752170412,0.924849891631728,0.786141661608576,31.3926865991399,0.0437759734801837
"trend_Spring","O3",9633,247,39,"Indirect",0.614588327634,0.478287348519754,-0.322854875464717,1.55203153073272,0.198800259032812,0.786141661608576,31.3926865991399,1.9577436473718
"trend_Spring","O3",9633,247,39,"Total",0.628330781794357,0.498963713221388,-0.349638096119563,1.60629965970828,0.207932284957018,0.786141661608576,31.3926865991399,2.00151962085199
"trend_Spring","PM10",9633,247,39,"Direct",-0.0560543367286809,0.204508909972387,-0.45689180027456,0.344783126817198,0.784013618806686,0.89351003843833,59.955229370003,-0.093493657380162
"trend_Spring","PM10",9633,247,39,"Indirect",1.26414791500558,1.26559489238844,-1.21641807407576,3.74471390408691,0.317864123116144,0.89351003843833,59.955229370003,2.10848649615551
"trend_Spring","PM10",9633,247,39,"Total",1.2080935782769,1.33292341309211,-1.40443631138364,3.82062346793743,0.364751246713669,0.89351003843833,59.955229370003,2.01499283877535
"trend_Summer","NO2",9633,247,39,"Direct",-0.106805955948788,0.0993374307433433,-0.301507320205741,0.0878954083081646,0.282292628576892,0.829211629105733,21.6198936239811,-0.494017028050118
"trend_Summer","NO2",9633,247,39,"Indirect",-0.454560685003114,0.388196209189091,-1.21542525501373,0.306303885007506,0.241616458843469,0.829211629105733,21.6198936239811,-2.10251120060512
"trend_Summer","NO2",9633,247,39,"Total",-0.561366640951902,0.40834438557742,-1.36172163668365,0.238988354779842,0.169212612081247,0.829211629105733,21.6198936239811,-2.59652822865523
"trend_Summer","CO",9633,247,39,"Direct",11.8657029293631,2.71632995184588,6.54169622374518,17.189709634981,1.25226107216498e-05,0.749510904893881,426.007853067774,2.78532492861707
"trend_Summer","CO",9633,247,39,"Indirect",-6.1056268287517,7.52410845639471,-20.8528794032853,8.64162574578194,0.417092873897678,0.749510904893881,426.007853067774,-1.43321931386564
"trend_Summer","CO",9633,247,39,"Total",5.7600761006114,7.76982139220169,-9.46877382810391,20.9889260293267,0.458487570983177,0.749510904893881,426.007853067774,1.35210561475143
"trend_Summer","SO2",9633,247,39,"Direct",-0.0026498440910747,0.0354977382069622,-0.0722254109767207,0.0669257227945713,0.940494582006582,0.842448175004775,4.27995263663899,-0.0619129302597985
"trend_Summer","SO2",9633,247,39,"Indirect",-0.154835101540696,0.149160701442962,-0.447190076368903,0.13751987328751,0.299250412420104,0.842448175004775,4.27995263663899,-3.61768259338232
"trend_Summer","SO2",9633,247,39,"Total",-0.157484945631771,0.157129752964618,-0.465459261442422,0.15048937017888,0.316217792008413,0.842448175004775,4.27995263663899,-3.67959552364212
"trend_Summer","O3",9633,247,39,"Direct",0.214484918160512,0.13465354553843,-0.0494360310948105,0.478405867415834,0.111190482251562,0.856773922241159,31.1772169423713,0.687954022826896
"trend_Summer","O3",9633,247,39,"Indirect",-0.592935475710508,0.617165875093683,-1.80258059089413,0.616709639473112,0.336683294263871,0.856773922241159,31.1772169423713,-1.90182297799866
"trend_Summer","O3",9633,247,39,"Total",-0.378450557549996,0.650787375648829,-1.6539938138217,0.89709269872171,0.560885194670203,0.856773922241159,31.1772169423713,-1.21386895517176
"trend_Summer","PM10",9633,247,39,"Direct",0.0535000401167739,0.161339892974186,-0.26272615011263,0.369726230346178,0.740192575878675,0.865278145029092,37.050927234789,0.144395954729414
"trend_Summer","PM10",9633,247,39,"Indirect",-0.0898063178138561,0.781882891995168,-1.62229678612439,1.44268415049667,0.908556852064895,0.865278145029092,37.050927234789,-0.242386154723632
"trend_Summer","PM10",9633,247,39,"Total",-0.0363062776970822,0.824738702992726,-1.65279413556283,1.58018158016866,0.964887224509695,0.865278145029092,37.050927234789,-0.0979901999942188
"trend_Autumn","NO2",9633,247,39,"Direct",0.0220488721680258,0.126770405311848,-0.226421122243196,0.270518866579248,0.861922362651326,0.838086020587818,29.6339045105106,0.0744042087339707
"trend_Autumn","NO2",9633,247,39,"Indirect",1.15639125358785,0.510048820521843,0.156695565365036,2.15608694181066,0.0233769851752327,0.838086020587818,29.6339045105106,3.90225747396094
"trend_Autumn","NO2",9633,247,39,"Total",1.17844012575587,0.537878400878914,0.124198460033201,2.23268179147855,0.0284587152298807,0.838086020587818,29.6339045105106,3.97666168269491
"trend_Autumn","CO",9633,247,39,"Direct",12.3855702081121,2.82590888480378,6.84678879389669,17.9243516223275,1.17130019339035e-05,0.776728920872231,530.323551930055,2.33547428980594
"trend_Autumn","CO",9633,247,39,"Indirect",8.75470126661948,8.51025414569947,-7.92539685895147,25.4347993921904,0.303609467116061,0.776728920872231,530.323551930055,1.65082264115137
"trend_Autumn","CO",9633,247,39,"Total",21.1402714747316,8.87427664537456,3.74668924979745,38.5338536996657,0.0172097077629209,0.776728920872231,530.323551930055,3.98629693095731
"trend_Autumn","SO2",9633,247,39,"Direct",-0.00741120952089434,0.0297982607724079,-0.0658158006348138,0.0509933815930251,0.803582930092283,0.798353918097455,4.39295093283243,-0.16870685865175
"trend_Autumn","SO2",9633,247,39,"Indirect",0.0634729484172395,0.0978866019152816,-0.128384791336713,0.255330688171192,0.516704631825916,0.798353918097455,4.39295093283243,1.44488179785596
"trend_Autumn","SO2",9633,247,39,"Total",0.0560617388963452,0.102586648480934,-0.145008092126286,0.257131569918977,0.584734777643132,0.798353918097455,4.39295093283243,1.27617493920421
"trend_Autumn","O3",9633,247,39,"Direct",-0.0215203228126278,0.113767612448529,-0.244504843211744,0.201464197586488,0.84996713290228,0.841094094580492,18.8402125883395,-0.114225477614552
"trend_Autumn","O3",9633,247,39,"Indirect",-1.40797318492338,0.467636623518936,-2.3245409670205,-0.491405402826269,0.00260536856381842,0.841094094580492,18.8402125883395,-7.47323406422069
"trend_Autumn","O3",9633,247,39,"Total",-1.42949350773601,0.493264866430842,-2.39629264594046,-0.462694369531561,0.00375521642579797,0.841094094580492,18.8402125883395,-7.58745954183524
"trend_Autumn","PM10",9633,247,39,"Direct",-0.6745464494552,0.169321925071191,-1.00641742259473,-0.342675476315667,6.78189825450404e-05,0.850128907198557,40.3527206061825,-1.67162570285745
"trend_Autumn","PM10",9633,247,39,"Indirect",-0.552012265842774,0.729911422833653,-1.98263865459673,0.878614122911187,0.449485562004735,0.850128907198557,40.3527206061825,-1.36796790290814
"trend_Autumn","PM10",9633,247,39,"Total",-1.22655871529797,0.770563871164994,-2.73686390278136,0.283746472185415,0.111436900194634,0.850128907198557,40.3527206061825,-3.03959360576558
"may_june","O3",6422,247,26,"Direct",0.152541467067443,0.154278124249889,-0.149843656462339,0.454926590597226,0.322788734768905,0.813910721301832,37.7624654956979,0.403949967421544
"may_june","O3",6422,247,26,"Indirect",2.52777520920153,0.435571621240054,1.67405483157102,3.38149558683203,6.50023345258413e-09,0.813910721301832,37.7624654956979,6.69388287025249
"may_june","O3",6422,247,26,"Total",2.68031667626897,0.444200035410015,1.80968460686534,3.5509487456726,1.59919605277776e-09,0.813910721301832,37.7624654956979,7.09783283767403
"trends","NO2",38532,247,156,"Direct",0.0920847106993236,0.0654675633117829,-0.0362317133917709,0.220401134790418,0.159554933328222,0.837495339874637,29.5092135021386,0.312054100298708
"trends","NO2",38532,247,156,"Indirect",0.437842233685581,0.266472396818518,-0.0844436640787145,0.960128131449876,0.100361128176117,0.837495339874637,29.5092135021386,1.48374755448446
"trends","NO2",38532,247,156,"Total",0.529926944384905,0.280561342438122,-0.0199732867938149,1.07982717556362,0.0589173519866148,0.837495339874637,29.5092135021386,1.79580165478317
"trends","CO",38532,247,156,"Direct",10.9944366237147,1.50685205218906,8.0410066014242,13.9478666460053,2.95800661691684e-13,0.792040958400372,550.425613572033,1.99744277021657
"trends","CO",38532,247,156,"Indirect",3.48625218946187,4.9100790816444,-6.13750281056115,13.1100071894849,0.477692006661969,0.792040958400372,550.425613572033,0.633373902576506
"trends","CO",38532,247,156,"Total",14.4806888131766,5.13030704792908,4.42528699923561,24.5360906271176,0.00476393187386531,0.792040958400372,550.425613572033,2.63081667279307
"trends","SO2",38532,247,156,"Direct",-0.02898440125378,0.0184229805431403,-0.065093443118335,0.00712464061077505,0.115655324608216,0.832866302093117,5.19974108959282,-0.557420086007584
"trends","SO2",38532,247,156,"Indirect",0.0304524806010077,0.0730421091341964,-0.112710053302017,0.173615014504033,0.676739282906534,0.832866302093117,5.19974108959282,0.585653786915617
"trends","SO2",38532,247,156,"Total",0.00146807934722774,0.0768640308039444,-0.149185421028503,0.152121579722959,0.984761576791939,0.832866302093117,5.19974108959282,0.0282337009080331
"trends","O3",38532,247,156,"Direct",0.0274838110691757,0.0680944967642655,-0.105981402588785,0.160949024727136,0.686497465514075,0.857937556421637,23.9284544794125,0.11485827926255
"trends","O3",38532,247,156,"Indirect",-0.281026954518055,0.313285060815948,-0.895065673717313,0.333011764681203,0.369701450375345,0.857937556421637,23.9284544794125,-1.17444674397941
"trends","O3",38532,247,156,"Total",-0.253543143448879,0.330369774245555,-0.901067900970168,0.393981614072409,0.442812462741024,0.857937556421637,23.9284544794125,-1.05958846471686
"trends","PM10",38532,247,156,"Direct",-0.241358754747096,0.0974608847686901,-0.432382088893728,-0.0503354206004633,0.0132689548261122,0.88133878950576,48.7523083608979,-0.495071439408353
"trends","PM10",38532,247,156,"Indirect",0.400374653581002,0.528692229833343,-0.63586211689235,1.43661142405435,0.448874650994217,0.88133878950576,48.7523083608979,0.82124245403347
"trends","PM10",38532,247,156,"Total",0.159015898833906,0.557646249249041,-0.933970749694214,1.25200254736203,0.775525006173991,0.88133878950576,48.7523083608979,0.326171014625117
"no_transport","NO2",38532,247,156,"Direct",0.0768952138744582,0.0538844221926418,-0.0287182536231197,0.182508681372036,0.153568429322921,0.843794947188994,29.5092135021386,0.260580356941351
"no_transport","NO2",38532,247,156,"Indirect",-2.05110465520516,0.160795354349292,-2.36626354972977,-1.73594576068055,2.88667103888926e-37,0.843794947188994,29.5092135021386,-6.95072627081881
"no_transport","NO2",38532,247,156,"Total",-1.9742094413307,0.164780722162401,-2.29717965676901,-1.6512392258924,4.47829978093932e-33,0.843794947188994,29.5092135021386,-6.69014591387746
"no_transport","CO",38532,247,156,"Direct",5.16706377551835,1.25004143611248,2.71698256073788,7.61714499029882,3.57258524602487e-05,0.792694447727759,550.425613572033,0.938739703987656
"no_transport","CO",38532,247,156,"Indirect",-15.7622501349616,2.84558130308338,-21.339589489005,-10.1849107809182,3.03852708489531e-08,0.792694447727759,550.425613572033,-2.86364764762147
"no_transport","CO",38532,247,156,"Total",-10.5951863594432,2.82672186667576,-16.1355612181277,-5.05481150075875,0.000178091265510898,0.792694447727759,550.425613572033,-1.92490794363381
"no_transport","SO2",38532,247,156,"Direct",-0.043909742622371,0.0151203534845609,-0.0735456354521105,-0.0142738497926316,0.00368409785279613,0.83721646100403,5.19974108959282,-0.84446017341624
"no_transport","SO2",38532,247,156,"Indirect",-0.0276530881806411,0.0422711600842603,-0.110504561945791,0.0551983855845091,0.512993701404103,0.83721646100403,5.19974108959282,-0.531816636716551
"no_transport","SO2",38532,247,156,"Total",-0.0715628308030121,0.0431232118566388,-0.156084326042024,0.0129586644359999,0.0970157309121823,0.83721646100403,5.19974108959282,-1.37627681013279
"no_transport","O3",38532,247,156,"Direct",-0.0420330500368234,0.0556356123646612,-0.151078850271559,0.0670127501979126,0.449945314142546,0.858917118651944,23.9284544794125,-0.175661366148774
"no_transport","O3",38532,247,156,"Indirect",0.513835184436177,0.176683127746026,0.167536254053966,0.860134114818387,0.00363480820706779,0.858917118651944,23.9284544794125,2.14738141520285
"no_transport","O3",38532,247,156,"Total",0.471802134399353,0.182004143491499,0.115074013156016,0.828530255642691,0.00953475704670065,0.858917118651944,23.9284544794125,1.97172004905407
"no_transport","PM10",38532,247,156,"Direct",-0.78522921804348,0.0796345115522114,-0.941312860685814,-0.629145575401146,6.17943375689593e-23,0.881982555971296,48.7523083608979,-1.61065033522244
"no_transport","PM10",38532,247,156,"Indirect",0.792360391902091,0.297148420810471,0.209949487113567,1.37477129669061,0.00766347659263237,0.881982555971296,48.7523083608979,1.62527769154334
"no_transport","PM10",38532,247,156,"Total",0.00713117385861056,0.308416525363,-0.59736521585287,0.611627563570091,0.981553042368922,0.881982555971296,48.7523083608979,0.0146273563208961
"k3","NO2",38532,247,156,"Direct",-0.362629126220927,0.0518092937782676,-0.464175342026331,-0.261082910415522,2.57232591738537e-12,0.809992713354149,29.5092135021386,-1.22886747284758
"k3","NO2",38532,247,156,"Indirect",-1.55406412174493,0.129518897160226,-1.80792116017897,-1.30020708331089,3.60727911997139e-33,0.809992713354149,29.5092135021386,-5.26636916850495
"k3","NO2",38532,247,156,"Total",-1.91669324796585,0.136000193832895,-2.18325362787833,-1.65013286805338,4.17508319754852e-45,0.809992713354149,29.5092135021386,-6.49523664135252
"k3","CO",38532,247,156,"Direct",1.9927507735561,1.18798060378456,-0.335691209861634,4.32119275697383,0.0934590078041978,0.756677008774778,550.425613572033,0.36203816181881
"k3","CO",38532,247,156,"Indirect",-16.6686601555027,2.37156400499041,-21.3169256052839,-12.0203947057215,2.08688339375616e-12,0.756677008774778,550.425613572033,-3.02832203743754
"k3","CO",38532,247,156,"Total",-14.6759093819466,2.41200265008771,-19.4034345761185,-9.94838418777469,1.16831440601868e-09,0.756677008774778,550.425613572033,-2.66628387561873
"k3","SO2",38532,247,156,"Direct",-0.0763026200662072,0.014336051223193,-0.104401280463665,-0.0482039596687489,1.02390544745527e-07,0.794618308165428,5.19974108959282,-1.46743114227217
"k3","SO2",38532,247,156,"Indirect",-0.115093512723004,0.0328717685883487,-0.179522179156167,-0.0506648462898403,0.000463016042446959,0.794618308165428,5.19974108959282,-2.21344699168505
"k3","SO2",38532,247,156,"Total",-0.191396132789211,0.0342143627206842,-0.258456283721752,-0.12433598185667,2.21860040339386e-08,0.794618308165428,5.19974108959282,-3.68087813395722
"k3","O3",38532,247,156,"Direct",0.220484975309675,0.0533517478491983,0.115915549525246,0.325054401094104,3.58579002379998e-05,0.83149828553181,23.9284544794125,0.921434251005954
"k3","O3",38532,247,156,"Indirect",0.491112619407624,0.144490683794133,0.207910879171123,0.774314359644125,0.000676519120441573,0.83149828553181,23.9284544794125,2.05242097783694
"k3","O3",38532,247,156,"Total",0.7115975947173,0.152880439739666,0.411951932827554,1.01124325660705,3.24607174248483e-06,0.83149828553181,23.9284544794125,2.97385522884289
"k3","PM10",38532,247,156,"Direct",-0.372782138796194,0.0769444559796074,-0.523593272516225,-0.221971005076164,1.26725689881673e-06,0.851842645291919,48.7523083608979,-0.764645103646388
"k3","PM10",38532,247,156,"Indirect",0.0512076561667678,0.232759187163295,-0.40500035067329,0.507415663006826,0.825869030037731,0.851842645291919,48.7523083608979,0.105036372406602
"k3","PM10",38532,247,156,"Total",-0.321574482629427,0.247818439102426,-0.807298623270181,0.164149658011328,0.194417502617038,0.851842645291919,48.7523083608979,-0.659608731239786
"k7","NO2",38532,247,156,"Direct",0.0763890182547456,0.057534445074908,-0.0363784940920742,0.189156530601565,0.184274157410984,0.867278821698737,29.5092135021386,0.258864975337989
"k7","NO2",38532,247,156,"Indirect",-1.1513806318074,0.211887722330365,-1.56668056757492,-0.736080696039884,5.51297429644785e-08,0.867278821698737,29.5092135021386,-3.90176658460909
"k7","NO2",38532,247,156,"Total",-1.07499161355265,0.215053858909072,-1.49649717701444,-0.653486050090873,5.77154915160957e-07,0.867278821698737,29.5092135021386,-3.64290160927111
"k7","CO",38532,247,156,"Direct",4.84154158950594,1.33021740316641,2.23431547929978,7.4487676997121,0.000272996260647936,0.821368340331798,550.425613572033,0.879599617119259
"k7","CO",38532,247,156,"Indirect",-8.94345450731039,3.72228293917649,-16.2391290680963,-1.64777994652447,0.0162754256831155,0.821368340331798,550.425613572033,-1.62482527825533
"k7","CO",38532,247,156,"Total",-4.10191291780445,3.69524665524914,-11.3445963620928,3.14077052648387,0.266976971910322,0.821368340331798,550.425613572033,-0.74522566113607
"k7","SO2",38532,247,156,"Direct",-0.0348063219858574,0.0164223428224292,-0.0669941139178187,-0.00261853005389618,0.034052519374295,0.862433139459847,5.19974108959282,-0.669385674904499
"k7","SO2",38532,247,156,"Indirect",-0.120926471904609,0.0582252426534302,-0.235047947505332,-0.00680499630388569,0.0378132228532123,0.862433139459847,5.19974108959282,-2.32562486902744
"k7","SO2",38532,247,156,"Total",-0.155732793890466,0.0589720782155835,-0.27131806719301,-0.0401475205879225,0.0082713303919837,0.862433139459847,5.19974108959282,-2.99501054393194
"k7","O3",38532,247,156,"Direct",-0.140105400638924,0.0591837159074544,-0.256105483817535,-0.0241053174603134,0.0179185735371869,0.8795657201991,23.9284544794125,-0.585517968824387
"k7","O3",38532,247,156,"Indirect",0.527099688485466,0.236747729144474,0.0630741393622977,0.991125237608634,0.0259861159548033,0.8795657201991,23.9284544794125,2.20281543439828
"k7","O3",38532,247,156,"Total",0.386994287846542,0.241258461441274,-0.0858722965783553,0.859860872271439,0.10869969478185,0.8795657201991,23.9284544794125,1.6172974655739
"k7","PM10",38532,247,156,"Direct",-0.754893874003084,0.0853173030108647,-0.922115787904379,-0.587671960101789,8.90420108985364e-19,0.898519860041186,48.7523083608979,-1.5484269348127
"k7","PM10",38532,247,156,"Indirect",0.215284125256336,0.40046573929045,-0.569628723752947,1.00019697426562,0.590864017903017,0.898519860041186,48.7523083608979,0.441587552455272
"k7","PM10",38532,247,156,"Total",-0.539609748746748,0.410245915876851,-1.34369174386538,0.26447224637188,0.188398210682847,0.898519860041186,48.7523083608979,-1.10683938235742
"omit61","NO2",34632,222,156,"Direct",0.232634865425326,0.0666888077898499,0.10192480215722,0.363344928693432,0.000485985188645338,0.827060419602743,28.7353379490807,0.809577621246557
"omit61","NO2",34632,222,156,"Indirect",-1.54448921747576,0.169185139038678,-1.87609208999157,-1.21288634495995,6.91421577594214e-20,0.827060419602743,28.7353379490807,-5.37487751218593
"omit61","NO2",34632,222,156,"Total",-1.31185435205044,0.170113550289867,-1.64527691061858,-0.978431793482299,1.24211709870666e-14,0.827060419602743,28.7353379490807,-4.56529989093937
"omit61","CO",34632,222,156,"Direct",3.01405429846788,1.54729953887824,-0.0186527977334721,6.04676139466923,0.0514215523974527,0.785774628222426,554.482890701069,0.543579314892298
"omit61","CO",34632,222,156,"Indirect",-0.848873786980119,3.24484491180868,-7.20876981412513,5.51102224016489,0.793624531267825,0.785774628222426,554.482890701069,-0.153092872875993
"omit61","CO",34632,222,156,"Total",2.16518051148776,3.15940272984899,-4.02724883901625,8.35760986199178,0.493146280685497,0.785774628222426,554.482890701069,0.390486442016305
"omit61","SO2",34632,222,156,"Direct",-0.0313022282436927,0.0191035935262625,-0.0687452715551672,0.00614081506778166,0.101306630150678,0.827495312446055,5.16656760502642,-0.605861195220588
"omit61","SO2",34632,222,156,"Indirect",0.0177776591994967,0.0478785074973706,-0.0760642154953496,0.111619533894343,0.710408352579137,0.827495312446055,5.16656760502642,0.344090323761588
"omit61","SO2",34632,222,156,"Total",-0.013524569044196,0.0481100004887661,-0.107820170002178,0.0807710319137855,0.778620183761755,0.827495312446055,5.16656760502642,-0.261770871458999
"omit61","O3",34632,222,156,"Direct",-0.174455695236412,0.0693602799748504,-0.310401843987119,-0.0385095464857056,0.0118961377437678,0.84508502648785,24.3495670275994,-0.716463233365394
"omit61","O3",34632,222,156,"Indirect",0.329981276644017,0.190748940761128,-0.0438866472477939,0.703849200535829,0.0836437553367871,0.84508502648785,24.3495670275994,1.35518334379414
"omit61","O3",34632,222,156,"Total",0.155525581407605,0.193763057714592,-0.224250011712995,0.535301174528205,0.422172097596624,0.84508502648785,24.3495670275994,0.638720110428748
"omit61","PM10",34632,222,156,"Direct",-0.663751051145471,0.100069768199902,-0.859887796817278,-0.467614305473664,3.291930401653e-11,0.872679371526559,49.6482595528561,-1.33690698752256
"omit61","PM10",34632,222,156,"Indirect",1.0207114804267,0.327678363524654,0.378461887918381,1.66296107293503,0.00183957512563642,0.872679371526559,49.6482595528561,2.05588572413106
"omit61","PM10",34632,222,156,"Total",0.356960429281233,0.337432336636847,-0.304406950526988,1.01832780908945,0.290113520361356,0.872679371526559,49.6482595528561,0.718978736608498
"omit79","NO2",33072,212,156,"Direct",0.00968199110782268,0.0765252905096045,-0.140307578291002,0.159671560506647,0.899320201122643,0.831703057915238,29.2757546313728,0.0330717046570924
"omit79","NO2",33072,212,156,"Indirect",-2.6199078485109,0.219385047005931,-3.04990254064253,-2.18991315637928,7.14378809358782e-33,0.831703057915238,29.2757546313728,-8.94907025113308
"omit79","NO2",33072,212,156,"Total",-2.61022585740308,0.223262630704997,-3.04782061358487,-2.17263110122129,1.41242235113583e-31,0.831703057915238,29.2757546313728,-8.91599854647599
"omit79","CO",33072,212,156,"Direct",5.66535689719057,1.76828798059503,2.19951245522431,9.13120133915682,0.00135595794916715,0.792416396812796,536.347306982068,1.05628513902093
"omit79","CO",33072,212,156,"Indirect",-21.5190284302676,4.11607307581702,-29.586531658869,-13.4515252016662,1.71308857196465e-07,0.792416396812796,536.347306982068,-4.01214439788118
"omit79","CO",33072,212,156,"Total",-15.853671533077,4.08360978871169,-23.857546718952,-7.84979634720212,0.000103486323266396,0.792416396812796,536.347306982068,-2.95585925886025
"omit79","SO2",33072,212,156,"Direct",-0.0414125726609767,0.0213824454447212,-0.0833221657326302,0.000497020410676834,0.0527752159413964,0.841187422673452,5.0331083247416,-0.822803126596779
"omit79","SO2",33072,212,156,"Indirect",0.0519970974624952,0.0624312818578113,-0.0703682149788148,0.174362409903805,0.404918450552898,0.841187422673452,5.0331083247416,1.03310109990857
"omit79","SO2",33072,212,156,"Total",0.0105845248015186,0.0637311191795386,-0.114328468790377,0.135497518393414,0.868093245848796,0.841187422673452,5.0331083247416,0.21029797331179
"omit79","O3",33072,212,156,"Direct",-0.163965544227031,0.0797577609985105,-0.320290755784111,-0.00764033266995015,0.0398023552020553,0.850602489179609,23.6713296015521,-0.6926756839898
"omit79","O3",33072,212,156,"Indirect",1.14242940460708,0.246508914324284,0.659271932531485,1.62558687668268,3.57914622345276e-06,0.850602489179609,23.6713296015521,4.82621561119311
"omit79","O3",33072,212,156,"Total",0.978463860380051,0.252769990731509,0.483034678546293,1.47389304221381,0.000108405228767592,0.850602489179609,23.6713296015521,4.13353992720331
"omit79","PM10",33072,212,156,"Direct",-0.78197601022033,0.112419596166538,-1.00231841870674,-0.561633601733917,3.50394768978887e-12,0.880040966675593,47.8870642605265,-1.6329587588958
"omit79","PM10",33072,212,156,"Indirect",1.24699938759183,0.422487331590589,0.418924217674271,2.07507455750938,0.00316166620164159,0.880040966675593,47.8870642605265,2.60404225409937
"omit79","PM10",33072,212,156,"Total",0.465023377371496,0.437853161909727,-0.393168819971568,1.32321557471456,0.288211507833306,0.880040966675593,47.8870642605265,0.971083495203561
"omit97","NO2",36504,234,156,"Direct",-0.153562982085165,0.076013372446188,-0.302549192079693,-0.00457677209063623,0.0433615999923935,0.845219972108663,30.3886513099233,-0.505330034291517
"omit97","NO2",36504,234,156,"Indirect",-1.86209838788311,0.191728081301778,-2.2378854272346,-1.48631134853163,2.675421982661e-22,0.845219972108663,30.3886513099233,-6.1276111561919
"omit97","NO2",36504,234,156,"Total",-2.01566136996828,0.19444214901511,-2.39676798203789,-1.63455475789866,3.52628031634443e-25,0.845219972108663,30.3886513099233,-6.63294119048342
"omit97","CO",36504,234,156,"Direct",2.88485386554986,1.79024408981105,-0.624024550479797,6.39373228157952,0.107085931652918,0.788098980345878,555.755953546009,0.519086452811347
"omit97","CO",36504,234,156,"Indirect",-15.3573562200187,3.43068921852415,-22.081507088326,-8.63320535171133,7.58895158133368e-06,0.788098980345878,555.755953546009,-2.76332734215996
"omit97","CO",36504,234,156,"Total",-12.4725023544688,3.30955220799488,-18.9592246821388,-5.98578002679883,0.000164141099901009,0.788098980345878,555.755953546009,-2.24424088934861
"omit97","SO2",36504,234,156,"Direct",0.00856770393534208,0.021453155596937,-0.0334804810346545,0.0506158889053386,0.689622065927265,0.835555457211277,5.33919048898201,0.160468219911285
"omit97","SO2",36504,234,156,"Indirect",-0.0627234669660051,0.0503386234001958,-0.161387168830389,0.0359402348983787,0.212753147859295,0.835555457211277,5.33919048898201,-1.17477484827413
"omit97","SO2",36504,234,156,"Total",-0.054155763030663,0.0506057196306954,-0.153342973506826,0.0450314474455,0.284551332209623,0.835555457211277,5.33919048898201,-1.01430662836284
"omit97","O3",36504,234,156,"Direct",0.26594859798972,0.0794811636210923,0.110165517292379,0.421731678687061,0.000819691936385247,0.85328939072183,23.6994694788624,1.12217110271992
"omit97","O3",36504,234,156,"Indirect",0.277703706142906,0.205714024436572,-0.125495781752774,0.680903194038586,0.177031929971362,0.85328939072183,23.6994694788624,1.17177182548576
"omit97","O3",36504,234,156,"Total",0.543652304132626,0.209392319787735,0.133243357348665,0.954061250916586,0.00942245474466637,0.85328939072183,23.6994694788624,2.29394292820568
"omit97","PM10",36504,234,156,"Direct",0.049126562386497,0.112095391819518,-0.170580405579758,0.268833530352752,0.661200172496684,0.877772860429637,48.4718348257231,0.101350738141289
"omit97","PM10",36504,234,156,"Indirect",0.548032163195671,0.340876207342015,-0.120085203194679,1.21614952958602,0.107897373037262,0.877772860429637,48.4718348257231,1.13061980254323
"omit97","PM10",36504,234,156,"Total",0.597158725582168,0.351697618041106,-0.0921686057783988,1.28648605694273,0.0895205508512256,0.877772860429637,48.4718348257231,1.23197054068452
"start2013","NO2",35568,247,144,"Direct",0.0370545362386835,0.0537184062274637,-0.0682335399671455,0.142342612444512,0.49032489059406,0.845968563641468,29.4705530666348,0.12573410534543
"start2013","NO2",35568,247,144,"Indirect",-1.99340762606424,0.175186100407581,-2.3367723828631,-1.65004286926538,5.33283693862083e-30,0.845968563641468,29.4705530666348,-6.76406588487505
"start2013","NO2",35568,247,144,"Total",-1.95635308982556,0.180766730324531,-2.31065588126164,-1.60205029838948,2.69245111959027e-27,0.845968563641468,29.4705530666348,-6.63833177952962
"start2013","CO",35568,247,144,"Direct",4.93913933116305,1.22143565428444,2.54512544876555,7.33315321356056,5.26105623058512e-05,0.795758694010331,547.206856050864,0.902609182715347
"start2013","CO",35568,247,144,"Indirect",-9.46589751276496,3.02637449340974,-15.397591519848,-3.53420350568186,0.0017611931283512,0.795758694010331,547.206856050864,-1.72985725746921
"start2013","CO",35568,247,144,"Total",-4.5267581816019,3.04711249674016,-10.4990986752126,1.44558231200881,0.13738774697939,0.795758694010331,547.206856050864,-0.82724807475386
"start2013","SO2",35568,247,144,"Direct",-0.0430486328454396,0.0147256426211808,-0.0719108923829541,-0.0141863733079252,0.00346254890606471,0.839294274672567,5.12889741883443,-0.839335033049319
"start2013","SO2",35568,247,144,"Indirect",-0.0174968081252168,0.0449979084025099,-0.105692708594136,0.0706990923437026,0.697397444938706,0.839294274672567,5.12889741883443,-0.341141705446568
"start2013","SO2",35568,247,144,"Total",-0.0605454409706564,0.0462733121859757,-0.151241132855169,0.0301502509138559,0.190727128352738,0.839294274672567,5.12889741883443,-1.18047673849589
"start2013","O3",35568,247,144,"Direct",-0.0438690219245965,0.0565539360663038,-0.154714736614552,0.0669766927653589,0.437924743493351,0.859292663525802,24.2294066926732,-0.181056938294169
"start2013","O3",35568,247,144,"Indirect",0.765121262498543,0.195127393061624,0.382671572097759,1.14757095289933,8.81320951406904e-05,0.859292663525802,24.2294066926732,3.15782087528338
"start2013","O3",35568,247,144,"Total",0.721252240573946,0.202072863454336,0.325189428203449,1.11731505294444,0.000357979835241263,0.859292663525802,24.2294066926732,2.97676393698921
"start2013","PM10",35568,247,144,"Direct",-0.796437766331859,0.0798368536375313,-0.952917999461421,-0.639957533202298,1.94495964883828e-23,0.883948292718707,49.362907932586,-1.61343364823551
"start2013","PM10",35568,247,144,"Indirect",0.209967150855884,0.327949147505029,-0.432813178253973,0.852747479965742,0.522014621877361,0.883948292718707,49.362907932586,0.425354096121388
"start2013","PM10",35568,247,144,"Total",-0.586470615475975,0.34166589643222,-1.25613577248313,0.0831945415311758,0.0860699769401517,0.883948292718707,49.362907932586,-1.18807955211412
"core2024","NO2",38532,247,156,"Direct",0.0934783174814992,0.0540686922811708,-0.0124963193895956,0.199452954352594,0.0838304525088127,0.842858518617256,29.5092135021386,0.316776716108427
"core2024","NO2",38532,247,156,"Indirect",-2.13586582855106,0.165713860432273,-2.46066499499832,-1.81106666210381,5.19943535148486e-38,0.842858518617256,29.5092135021386,-7.23796257191426
"core2024","NO2",38532,247,156,"Total",-2.04238751106956,0.170335478556126,-2.37624504903957,-1.70852997309956,3.99059019799638e-33,0.842858518617256,29.5092135021386,-6.92118585580583
"core2024","CO",38532,247,156,"Direct",5.37587279552865,1.25257168355467,2.9208322957615,7.8309132952958,1.77175969769204e-05,0.793418609084027,550.425613572033,0.976675623912461
"core2024","CO",38532,247,156,"Indirect",-13.3118049484206,2.94554833549589,-19.0850796859925,-7.53853021084865,6.20455852249318e-06,0.793418609084027,550.425613572033,-2.41845666702037
"core2024","CO",38532,247,156,"Total",-7.93593215289194,2.94535256509965,-13.7088231804873,-2.16304112529664,0.00705173361999594,0.793418609084027,550.425613572033,-1.4417810431079
"core2024","SO2",38532,247,156,"Direct",-0.0407651489846914,0.0151544129309097,-0.0704677983292744,-0.0110624996401083,0.00714551528447012,0.837025091219457,5.19974108959282,-0.78398420771915
"core2024","SO2",38532,247,156,"Indirect",-0.0355761494968575,0.0437150244239338,-0.121257597367768,0.0501052983740528,0.415748228935878,0.837025091219457,5.19974108959282,-0.684190787269437
"core2024","SO2",38532,247,156,"Total",-0.0763412984815489,0.0447697667480724,-0.164090041307771,0.0114074443446731,0.0881575788590319,0.837025091219457,5.19974108959282,-1.46817499498859
"core2024","O3",38532,247,156,"Direct",-0.0369509508244035,0.055829766147295,-0.146377292473102,0.0724753908242947,0.508067127681356,0.858661117297525,23.9284544794125,-0.154422638771741
"core2024","O3",38532,247,156,"Indirect",0.582987223961323,0.182996349803379,0.2243143783467,0.941660069575947,0.00144361297350365,0.858661117297525,23.9284544794125,2.43637642566056
"core2024","O3",38532,247,156,"Total",0.54603627313692,0.189052162278906,0.175494035070265,0.916578511203575,0.00387350370315453,0.858661117297525,23.9284544794125,2.28195378688882
"core2024","PM10",38532,247,156,"Direct",-0.766770291015619,0.0798548007445765,-0.923285700474989,-0.610254881556249,7.83651668467045e-22,0.881844004570998,48.7523083608979,-1.57278766235941
"core2024","PM10",38532,247,156,"Indirect",0.790730561106558,0.307825187501669,0.187393193603288,1.39406792860983,0.0102061649989425,0.881844004570998,48.7523083608979,1.6219346071842
"core2024","PM10",38532,247,156,"Total",0.0239602700909393,0.320150000953873,-0.603533731778652,0.65145427196053,0.940341409193717,0.881844004570998,48.7523083608979,0.0491469448247845
"jan2018","NO2",38532,247,156,"Direct",-0.0194334793580919,0.0548380173081977,-0.126915993282159,0.0880490345659756,0.723054356226373,0.844166162185697,29.5596913319592,-0.0657431741754385
"jan2018","NO2",38532,247,156,"Indirect",-1.82050226399699,0.167969684129942,-2.14972284489168,-1.4912816831023,2.2669595092109e-27,0.844166162185697,29.5596913319592,-6.15873232082335
"jan2018","NO2",38532,247,156,"Total",-1.83993574335508,0.17291616243243,-2.17885142172265,-1.50102006498752,1.92835054124008e-26,0.844166162185697,29.5596913319592,-6.22447549499879
"jan2018","CO",38532,247,156,"Direct",3.47171703158327,1.27317433314297,0.97629533862304,5.9671387245435,0.00639479437111177,0.792013996748976,551.468839976925,0.629540017479235
"jan2018","CO",38532,247,156,"Indirect",-13.8049152948439,2.96955000871394,-19.6252333119233,-7.98459727776463,3.33832940108027e-06,0.792013996748976,551.468839976925,-2.50329924269549
"jan2018","CO",38532,247,156,"Total",-10.3331982632607,2.97116711074221,-16.1566858003154,-4.50971072620595,0.000505500463036886,0.792013996748976,551.468839976925,-1.87375922521625
"jan2018","SO2",38532,247,156,"Direct",-0.0453473060783278,0.0154037174609836,-0.0755385923018557,-0.0151560198547999,0.00324084155811006,0.836799751281531,5.22277997257468,-0.868259936594129
"jan2018","SO2",38532,247,156,"Indirect",-0.0296372095070909,0.0442221742684013,-0.116312671073157,0.0570382520589755,0.50273739076041,0.836799751281531,5.22277997257468,-0.567460426491615
"jan2018","SO2",38532,247,156,"Total",-0.0749845155854187,0.0453383538201575,-0.163847689072927,0.0138786579020899,0.0981504673292224,0.836799751281531,5.22277997257468,-1.43572036308574
"jan2018","O3",38532,247,156,"Direct",0.062255926155291,0.056715299513825,-0.048906060891806,0.173417913202388,0.272339038121733,0.859287313025109,23.7839058881613,0.261756527493995
"jan2018","O3",38532,247,156,"Indirect",0.40220669511749,0.18594733055804,0.0377499272237317,0.766663463011249,0.0305400962866115,0.859287313025109,23.7839058881613,1.69108764981152
"jan2018","O3",38532,247,156,"Total",0.464462621272781,0.192351707636157,0.0874532743059126,0.84147196823965,0.0157502080251225,0.859287313025109,23.7839058881613,1.95284417730551
"jan2018","PM10",38532,247,156,"Direct",-0.849393083682446,0.0811509963677434,-1.00844903656322,-0.690337130801669,1.22692284020707e-25,0.882139299979352,48.7364995646582,-1.74282743173946
"jan2018","PM10",38532,247,156,"Indirect",0.403957612223542,0.312588609429513,-0.208716062258304,1.01663128670539,0.196253989314422,0.882139299979352,48.7364995646582,0.828860537445074
"jan2018","PM10",38532,247,156,"Total",-0.445435471458904,0.325441657311582,-1.0833011197896,0.192430176871796,0.171089731142011,0.882139299979352,48.7364995646582,-0.913966894294388
"jan2018_trends","NO2",38532,247,156,"Direct",-0.0828466679633378,0.0668844118520221,-0.213940115193301,0.0482467792666255,0.215473529657959,0.837422505267222,29.5596913319592,-0.280269056374638
"jan2018_trends","NO2",38532,247,156,"Indirect",0.73242361287268,0.267304135144792,0.208507507988888,1.25633971775647,0.00614319938778795,0.837422505267222,29.5596913319592,2.47777828478473
"jan2018_trends","NO2",38532,247,156,"Total",0.649576944909342,0.281564590154266,0.0977103482069811,1.2014435416117,0.0210533479891953,0.837422505267222,29.5596913319592,2.19750922841009
"jan2018_trends","CO",38532,247,156,"Direct",7.53772008973451,1.54038076606977,4.51857378823777,10.5568663912313,9.91018645646022e-07,0.79220741918067,551.468839976925,1.36684424274088
"jan2018_trends","CO",38532,247,156,"Indirect",-2.53809815783889,4.92500594834141,-12.1911098165881,7.11491350091028,0.606308984142436,0.79220741918067,551.468839976925,-0.460243258339872
"jan2018_trends","CO",38532,247,156,"Total",4.99962193189562,5.14710142541488,-5.08869686191755,15.0879407257088,0.331375472441427,0.79220741918067,551.468839976925,0.906600984401008
"jan2018_trends","SO2",38532,247,156,"Direct",-0.0316177326057609,0.0188233099765472,-0.0685114201597935,0.00527595494827166,0.0930134366912823,0.832886576973391,5.22277997257468,-0.605381286820212
"jan2018_trends","SO2",38532,247,156,"Indirect",0.0595669411093445,0.0732874524032764,-0.0840764656010772,0.203210347819766,0.416341344084497,0.832886576973391,5.22277997257468,1.14052174171871
"jan2018_trends","SO2",38532,247,156,"Total",0.0279492085035836,0.0771574987551507,-0.123279489056512,0.179177906063679,0.717175826898524,0.832886576973391,5.22277997257468,0.535140454898493
"jan2018_trends","O3",38532,247,156,"Direct",0.16301725481036,0.0695513304308821,0.0266966471658307,0.299337862454889,0.0190863097568023,0.857719291893896,23.7839058881613,0.685409938875949
"jan2018_trends","O3",38532,247,156,"Indirect",-0.746232760421412,0.31398008648685,-1.36163372993564,-0.130831790907187,0.0174688484058967,0.857719291893896,23.7839058881613,-3.13755345287023
"jan2018_trends","O3",38532,247,156,"Total",-0.583215505611053,0.331267277339793,-1.23249936919705,0.0660683579749426,0.0783131145908897,0.857719291893896,23.7839058881613,-2.45214351399429
"jan2018_trends","PM10",38532,247,156,"Direct",-0.367442832445689,0.0995350614009576,-0.562531552791566,-0.172354112099812,0.000222854791317047,0.881279225772143,48.7364995646582,-0.753937676542007
"jan2018_trends","PM10",38532,247,156,"Indirect",-0.441630404928666,0.530308402802409,-1.48103487442139,0.597774064564056,0.404968632050486,0.881279225772143,48.7364995646582,-0.906159467490602
"jan2018_trends","PM10",38532,247,156,"Total",-0.809073237374355,0.55965954476156,-1.90600594510701,0.287859470358302,0.148274684752173,0.881279225772143,48.7364995646582,-1.66009714403261
"jul2020","NO2",38532,247,156,"Direct",0.0744462908400861,0.0526945125853935,-0.0288349538272851,0.177727535507457,0.157717421341838,0.84396612561803,29.378485596664,0.253404113003496
"jul2020","NO2",38532,247,156,"Indirect",-1.92597656713162,0.167452252558117,-2.25418298214553,-1.59777015211771,1.29423131623496e-30,0.84396612561803,29.378485596664,-6.55573807844717
"jul2020","NO2",38532,247,156,"Total",-1.85153027629153,0.173123434385043,-2.19085220768622,-1.51220834489685,1.07586135263568e-26,0.84396612561803,29.378485596664,-6.30233396544368
"jul2020","CO",38532,247,156,"Direct",5.75928365394291,1.22250221008823,3.36317932216998,8.15538798571585,2.46429298079868e-06,0.792510345930986,549.347402315859,1.04838643628126
"jul2020","CO",38532,247,156,"Indirect",-13.2086937345157,2.95696092011458,-19.0043371379403,-7.41305033109117,7.93304847109304e-06,0.792510345930986,549.347402315859,-2.40443363868336
"jul2020","CO",38532,247,156,"Total",-7.44941008057283,2.98202189696892,-13.2941729986319,-1.60464716251376,0.0124858464251984,0.792510345930986,549.347402315859,-1.3560472024021
"jul2020","SO2",38532,247,156,"Direct",-0.037307830398225,0.0148025713788537,-0.0663208703007782,-0.00829479049567168,0.0117234377998966,0.836701140178139,5.17154121658894,-0.721406420943747
"jul2020","SO2",38532,247,156,"Indirect",-0.0514190698162922,0.0441080168025327,-0.137870782749256,0.0350326431166719,0.243714169829125,0.836701140178139,5.17154121658894,-0.994269747891662
"jul2020","SO2",38532,247,156,"Total",-0.0887269002145172,0.0454480860694729,-0.177805148910684,0.000351348481649763,0.0509062480429163,0.836701140178139,5.17154121658894,-1.71567616883541
"jul2020","O3",38532,247,156,"Direct",-0.0483094303789961,0.0545200521123938,-0.155168732519288,0.0585498717612958,0.375571428844499,0.859214763394364,24.0473738707839,-0.200892748782391
"jul2020","O3",38532,247,156,"Indirect",0.537734556708285,0.185667582346866,0.173826095308427,0.901643018108142,0.00377684982212531,0.859214763394364,24.0473738707839,2.2361466977548
"jul2020","O3",38532,247,156,"Total",0.489425126329288,0.192792587510219,0.111551654809259,0.867298597849317,0.0111293916058493,0.859214763394364,24.0473738707839,2.03525394897241
"jul2020","PM10",38532,247,156,"Direct",-0.721800110519508,0.0780742862739133,-0.874825711616378,-0.568774509422638,2.35146797967213e-20,0.881963228915595,48.6713267012061,-1.48300890779216
"jul2020","PM10",38532,247,156,"Indirect",0.594940742628216,0.312144321402989,-0.0168621273216431,1.20674361257807,0.0566528383969331,0.881963228915595,48.6713267012061,1.22236393160303
"jul2020","PM10",38532,247,156,"Total",-0.126859367891292,0.325854989018614,-0.765535146367775,0.511816410585191,0.697045109830517,0.881963228915595,48.6713267012061,-0.26064497618913
"jul2020_trends","NO2",38532,247,156,"Direct",0.0774863898178936,0.0626666606142688,-0.0453402649860732,0.20031304462186,0.216278314473222,0.837504524930148,29.378485596664,0.263752158234774
"jul2020_trends","NO2",38532,247,156,"Indirect",0.528093255133299,0.266105988516388,0.00652551764117826,1.04966099262542,0.0471976501690854,0.837504524930148,29.378485596664,1.79755097789406
"jul2020_trends","NO2",38532,247,156,"Total",0.605579644951192,0.280960033464989,0.0548979793598136,1.15626131054257,0.031130994736854,0.837504524930148,29.378485596664,2.06130313612883
"jul2020_trends","CO",38532,247,156,"Direct",10.9564303929785,1.44053544158774,8.13298092746656,13.7798798584905,2.83137859550198e-14,0.792126507658775,549.347402315859,1.9944447442165
"jul2020_trends","CO",38532,247,156,"Indirect",2.76871885487431,4.89485775372622,-6.82520234242907,12.3626400521777,0.571639708953486,0.792126507658775,549.347402315859,0.504001446662412
"jul2020_trends","CO",38532,247,156,"Total",13.7251492478528,5.13711954157235,3.65639494637102,23.7939035493347,0.00754546483276801,0.792126507658775,549.347402315859,2.49844619087891
"jul2020_trends","SO2",38532,247,156,"Direct",-0.0267420671916232,0.017632152286671,-0.0613010856734984,0.00781695129025205,0.129351300390993,0.832864981015313,5.17154121658894,-0.517100532928979
"jul2020_trends","SO2",38532,247,156,"Indirect",0.0152725610839393,0.0729128573618027,-0.127636639345194,0.158181761513073,0.834086653246671,0.832864981015313,5.17154121658894,0.29531933410777
"jul2020_trends","SO2",38532,247,156,"Total",-0.0114695061076839,0.0769549839610024,-0.162301274671248,0.139362262455881,0.881520682690099,0.832864981015313,5.17154121658894,-0.221781198821209
"jul2020_trends","O3",38532,247,156,"Direct",-0.00434033174689224,0.0652300337404544,-0.132191197878183,0.123510534384398,0.946948824539452,0.857886655511007,24.0473738707839,-0.0180490883129882
"jul2020_trends","O3",38532,247,156,"Indirect",-0.478548293134975,0.312975650994727,-1.09198056908464,0.134883982814691,0.126257693275303,0.857886655511007,24.0473738707839,-1.99002309236096
"jul2020_trends","O3",38532,247,156,"Total",-0.482888624881867,0.330758744591877,-1.13117576428195,0.165398514518212,0.144305980202534,0.857886655511007,24.0473738707839,-2.00807218067395
"jul2020_trends","PM10",38532,247,156,"Direct",-0.245739341959609,0.0934678294713204,-0.428936287723397,-0.0625423961958209,0.00856029091093,0.881333073417159,48.6713267012061,-0.504895507509393
"jul2020_trends","PM10",38532,247,156,"Indirect",0.307133545842233,0.528459602514833,-0.728647275086841,1.34291436677131,0.561114817427274,0.881333073417159,48.6713267012061,0.631035902776453
"jul2020_trends","PM10",38532,247,156,"Total",0.0613942038826236,0.558265786533722,-1.03280673772347,1.15559514548872,0.912430730297852,0.881333073417159,48.6713267012061,0.12614039526706
"dec2020","NO2",38532,247,156,"Direct",0.0825182691655753,0.0519000762238216,-0.0192058802331151,0.184242418564266,0.111847192298398,0.844067347857314,29.2250001679618,0.282355068233795
"dec2020","NO2",38532,247,156,"Indirect",-1.92636998101785,0.167777563811188,-2.25521400608778,-1.59752595594792,1.63061636947676e-30,0.844067347857314,29.2250001679618,-6.59151401179341
"dec2020","NO2",38532,247,156,"Total",-1.84385171185228,0.173979090026089,-2.18485072830341,-1.50285269540114,3.04022215788357e-26,0.844067347857314,29.2250001679618,-6.30915894355962
"dec2020","CO",38532,247,156,"Direct",5.03003394145619,1.20359564280356,2.67098648156122,7.38908140135117,2.92571571798804e-05,0.792438188964813,547.886226819243,0.918080012826401
"dec2020","CO",38532,247,156,"Indirect",-13.2720079541718,2.95715204232934,-19.0680259571374,-7.47598995120632,7.18596156568294e-06,0.792438188964813,547.886226819243,-2.42240218945137
"dec2020","CO",38532,247,156,"Total",-8.24197401271564,2.99657000324138,-14.1152512190687,-2.36869680636255,0.00595099546383579,0.792438188964813,547.886226819243,-1.50432217662497
"dec2020","SO2",38532,247,156,"Direct",-0.0373377713819972,0.0145783239841368,-0.0659112863909053,-0.00876425637308911,0.0104316065860584,0.836669141190318,5.14608453400523,-0.725556899333268
"dec2020","SO2",38532,247,156,"Indirect",-0.0563066227933942,0.0441724053763302,-0.142884537331001,0.030271291744213,0.20241498464947,0.836669141190318,5.14608453400523,-1.09416435780099
"dec2020","SO2",38532,247,156,"Total",-0.0936443941753914,0.0456671997883288,-0.183152105760516,-0.00413668259026692,0.0403075506128374,0.836669141190318,5.14608453400523,-1.81972125713425
"dec2020","O3",38532,247,156,"Direct",-0.0169308674887909,0.0537091845079399,-0.122200869124353,0.0883391341467712,0.752585315115498,0.859174629734727,24.056086894954,-0.0703808045037546
"dec2020","O3",38532,247,156,"Indirect",0.53032421038681,0.186057998207946,0.165650533899235,0.894997886874385,0.00436757233323111,0.859174629734727,24.056086894954,2.20453231941913
"dec2020","O3",38532,247,156,"Total",0.513393342898019,0.193713267563189,0.133715338474169,0.893071347321869,0.00804263846653708,0.859174629734727,24.056086894954,2.13415151491537
"dec2020","PM10",38532,247,156,"Direct",-0.60224809976056,0.0769609301910735,-0.753091522935064,-0.451404676586056,5.06147941630986e-15,0.881815513583057,48.4502113758991,-1.2430247106417
"dec2020","PM10",38532,247,156,"Indirect",0.629288382018987,0.312784531101093,0.0162307010608452,1.24234606297713,0.0442314286865991,0.881815513583057,48.4502113758991,1.29883516324971
"dec2020","PM10",38532,247,156,"Total",0.0270402822584277,0.327180291263321,-0.614233088617681,0.668313653134536,0.934132683626888,0.881815513583057,48.4502113758991,0.0558104526080119
"dec2020_trends","NO2",38532,247,156,"Direct",0.103602608168934,0.0608559145994108,-0.0156749844459112,0.222880200783779,0.0886757953285755,0.837490680335842,29.2250001679618,0.35449994037129
"dec2020_trends","NO2",38532,247,156,"Indirect",0.55053767910809,0.265810769627405,0.0295485706383771,1.0715267875778,0.038343478840219,0.837490680335842,29.2250001679618,1.88379016576233
"dec2020_trends","NO2",38532,247,156,"Total",0.654140287277024,0.28106049454544,0.103261717967961,1.20501885658609,0.0199439683105081,0.837490680335842,29.2250001679618,2.23829010613362
"dec2020_trends","CO",38532,247,156,"Direct",9.76909476392956,1.39791862091853,7.02917426692924,12.5090152609299,2.78208487541644e-12,0.792187032419248,547.886226819243,1.7830517150694
"dec2020_trends","CO",38532,247,156,"Indirect",2.02350995510737,4.88441874508257,-7.54995078525446,11.5969706954692,0.678670115031761,0.792187032419248,547.886226819243,0.369330320065695
"dec2020_trends","CO",38532,247,156,"Total",11.7926047190369,5.13851626703514,1.72111283564806,21.8640966024258,0.0217363600761417,0.792187032419248,547.886226819243,2.1523820351351
"dec2020_trends","SO2",38532,247,156,"Direct",-0.0307311119933164,0.0171208598902459,-0.0642879973781983,0.00282577339156558,0.0726614382600074,0.832848290732454,5.14608453400523,-0.597174643950089
"dec2020_trends","SO2",38532,247,156,"Indirect",0.00437437803529712,0.0728143600724836,-0.138341767706771,0.147090523777365,0.952095295638323,0.832848290732454,5.14608453400523,0.0850040065683202
"dec2020_trends","SO2",38532,247,156,"Total",-0.0263567339580192,0.0769707951031672,-0.177219492360227,0.124506024444188,0.732030984797371,0.832848290732454,5.14608453400523,-0.512170637381769
"dec2020_trends","O3",38532,247,156,"Direct",0.0298655389090702,0.0633778511815024,-0.0943550494066745,0.154086127224815,0.637476563954725,0.857893316126017,24.056086894954,0.124149613523947
"dec2020_trends","O3",38532,247,156,"Indirect",-0.459190513957349,0.312693919085039,-1.07207059536403,0.153689567449327,0.141968895663608,0.857893316126017,24.056086894954,-1.90883295343296
"dec2020_trends","O3",38532,247,156,"Total",-0.429324975048279,0.33083131093973,-1.07775434449015,0.219104394393593,0.194385058305316,0.857893316126017,24.056086894954,-1.78468333990901
"dec2020_trends","PM10",38532,247,156,"Direct",-0.131246869155042,0.0908885461600977,-0.309388419628834,0.0468946813187493,0.148727188696138,0.881302562416688,48.4502113758991,-0.27089018897517
"dec2020_trends","PM10",38532,247,156,"Indirect",0.556622544420878,0.528179161940808,-0.478608612983107,1.59185370182486,0.291950787350381,0.881302562416688,48.4502113758991,1.14885472862511
"dec2020_trends","PM10",38532,247,156,"Total",0.425375675265835,0.558395220702939,-0.669078957311925,1.5198303078436,0.446189860843822,0.881302562416688,48.4502113758991,0.877964539649941
"nearest","NO2",38532,247,156,"Direct",-0.256228610717694,0.110977249781824,-0.47374402029007,-0.0387132011453186,0.0209525128214118,0.732188327210286,28.5691062199744,-0.896873037416022
"nearest","NO2",38532,247,156,"Indirect",-1.57501055169525,0.216783596259728,-1.99990640036432,-1.15011470302619,3.72050109958443e-13,0.732188327210286,28.5691062199744,-5.51298503904217
"nearest","NO2",38532,247,156,"Total",-1.83123916241295,0.208023199552685,-2.23896463353621,-1.42351369128969,1.33144148802237e-18,0.732188327210286,28.5691062199744,-6.40985807645819
"nearest","CO",38532,247,156,"Direct",11.6556277231995,3.09697732013375,5.58555217573736,17.7257032706617,0.00016751848900838,0.720955153555175,542.865501022526,2.14705626002118
"nearest","CO",38532,247,156,"Indirect",-6.64895850722794,5.79376699037427,-18.0047418083615,4.70682479390564,0.251131483668104,0.720955153555175,542.865501022526,-1.22478928845251
"nearest","CO",38532,247,156,"Total",5.00666921597157,5.49211106553151,-5.75786847247018,15.7712069044133,0.361973495659857,0.720955153555175,542.865501022526,0.922266971568675
"nearest","SO2",38532,247,156,"Direct",-0.10815384833037,0.0345028926229297,-0.175779517871312,-0.0405281787894276,0.00172070210257419,0.753426347277998,5.14837039579261,-2.10073945764967
"nearest","SO2",38532,247,156,"Indirect",-0.379137342258653,0.0715424572704719,-0.519360558508777,-0.238914126008528,1.16137216202743e-07,0.753426347277998,5.14837039579261,-7.36422038648373
"nearest","SO2",38532,247,156,"Total",-0.487291190589023,0.0697248769514213,-0.623951949413808,-0.350630431764237,2.77304824263575e-12,0.753426347277998,5.14837039579261,-9.4649598441334
"nearest","O3",38532,247,156,"Direct",0.345298405126109,0.124231700020421,0.101804273086083,0.588792537166135,0.00544475180921849,0.753974282427,24.2495841573327,1.42393536683265
"nearest","O3",38532,247,156,"Indirect",0.464408839699929,0.256282677320432,-0.0379052078481174,0.966722887247976,0.069971349117105,0.753974282427,24.2495841573327,1.91512083954437
"nearest","O3",38532,247,156,"Total",0.809707244826038,0.249570945408471,0.320548191825435,1.29886629782664,0.00117699545897322,0.753974282427,24.2495841573327,3.33905620637702
"nearest","PM10",38532,247,156,"Direct",-1.81915341595071,0.178304213281837,-2.16862967398311,-1.46967715791831,1.93181150930299e-24,0.805900785735166,49.4735971517309,-3.67701869417649
"nearest","PM10",38532,247,156,"Indirect",-0.557411429071288,0.447969803458582,-1.43543224385011,0.320609385707533,0.213387033603597,0.805900785735166,49.4735971517309,-1.12668465840832
"nearest","PM10",38532,247,156,"Total",-2.376564845022,0.451828629396195,-3.26214895863854,-1.49098073140546,1.44148620120346e-07,0.805900785735166,49.4735971517309,-4.80370335258481
"nearest_trends","NO2",38532,247,156,"Direct",-0.223542702269203,0.13333074428459,-0.484870961067,0.0377855565285941,0.0936201743700821,0.728120902652114,28.5691062199744,-0.782463058339958
"nearest_trends","NO2",38532,247,156,"Indirect",-0.191857529344849,0.343998907137993,-0.866095387335316,0.482380328645619,0.577030716686629,0.728120902652114,28.5691062199744,-0.671555938318817
"nearest_trends","NO2",38532,247,156,"Total",-0.415400231614051,0.352307467043026,-1.10592286701838,0.275122403790279,0.238364577456469,0.728120902652114,28.5691062199744,-1.45401899665877
"nearest_trends","CO",38532,247,156,"Direct",20.4257534367142,3.71430309635946,13.1457193678496,27.7057875055787,3.81484513592879e-08,0.7211582689467,542.865501022526,3.76258085994428
"nearest_trends","CO",38532,247,156,"Indirect",1.17702661286765,9.38499838600681,-17.2175702237057,19.571623449441,0.900194419735169,0.7211582689467,542.865501022526,0.216817353589541
"nearest_trends","CO",38532,247,156,"Total",21.6027800495818,9.58669354267409,2.81286070594061,40.392699393223,0.0242331193414891,0.7211582689467,542.865501022526,3.97939821353382
"nearest_trends","SO2",38532,247,156,"Direct",-0.0492038334487381,0.0415593868048621,-0.130660231586268,0.0322525646887917,0.236436690509376,0.747061684716413,5.14837039579261,-0.955716657234857
"nearest_trends","SO2",38532,247,156,"Indirect",-0.0828645368698888,0.114128470174746,-0.306556338412392,0.140827264672614,0.467799734190307,0.747061684716413,5.14837039579261,-1.60952943357782
"nearest_trends","SO2",38532,247,156,"Total",-0.132068370318627,0.117674749372547,-0.36271087908882,0.098574138451566,0.261727685514948,0.747061684716413,5.14837039579261,-2.56524609081267
"nearest_trends","O3",38532,247,156,"Direct",0.443226531066743,0.149653016736673,0.149906618262864,0.736546443870622,0.00305951089860515,0.753100339317663,24.2495841573327,1.82776961530995
"nearest_trends","O3",38532,247,156,"Indirect",0.081054684296546,0.419755037382258,-0.741665188972679,0.903774557565771,0.846880677697886,0.753100339317663,24.2495841573327,0.334251852611815
"nearest_trends","O3",38532,247,156,"Total",0.524281215363289,0.433664221716677,-0.325700659201397,1.37426308992798,0.226679526222,0.753100339317663,24.2495841573327,2.16202146792176
"nearest_trends","PM10",38532,247,156,"Direct",-0.654847404014127,0.214481833139259,-1.07523179696707,-0.23446301106118,0.0022644498925026,0.802475127569311,49.4735971517309,-1.32363006070849
"nearest_trends","PM10",38532,247,156,"Indirect",0.986936846066444,0.733499791631658,-0.450722745531605,2.42459643766449,0.178458156122753,0.802475127569311,49.4735971517309,1.99487585881334
"nearest_trends","PM10",38532,247,156,"Total",0.332089442052317,0.767744084379481,-1.17268896333147,1.8368678474361,0.6653400751807,0.802475127569311,49.4735971517309,0.671245798104855
