"specification","outcome","estimate","se","p"
"monthly","NO2",-1.87411908882963,0.209533152089699,3.74448527599432e-19
"monthly","CO",-10.542300899992,3.38009341366275,0.00181504312066695
"monthly","SO2",-0.272812129676708,0.0596888286504156,4.86393186391229e-06
"monthly","O3",1.10240150232378,0.136948880255521,8.29769222941822e-16
"monthly","PM10",0.905061684503222,0.251964370450869,0.000328121528597806
"Winter","NO2",-0.635017337845148,0.24912332829131,0.0108029845656088
"Winter","CO",-18.8081098620014,5.08278729074179,0.00021529932343605
"Winter","SO2",-0.486901246631167,0.0545582601360262,4.48009644101074e-19
"Winter","O3",-0.71925407616578,0.125526930497094,1.00502519716889e-08
"Winter","PM10",-0.302072921936573,0.328591621529183,0.357940835307049
"Spring","NO2",-2.32728313777051,0.220387474733439,4.56851601506541e-26
"Spring","CO",-8.48340258003425,3.09631300888508,0.00614690792884717
"Spring","SO2",-0.37991497808189,0.0686872785073657,3.18261274580232e-08
"Spring","O3",1.30441427319508,0.171142187591523,2.50131312737595e-14
"Spring","PM10",1.49140764157777,0.288645856251174,2.37993672204699e-07
"Summer","NO2",-2.45714732075456,0.183843205830055,9.62501294210743e-41
"Summer","CO",-6.47091437821447,2.88205051534574,0.0247523003105094
"Summer","SO2",-0.10354456940747,0.0783788512857875,0.186475386209749
"Summer","O3",3.21551141410091,0.19200425555961,5.94706762905119e-63
"Summer","PM10",1.53627532266272,0.244075899687729,3.08884837412098e-10
"Autumn","NO2",-1.92748353882341,0.226946171528858,2.01143557251664e-17
"Autumn","CO",-10.5660620712961,3.74242005682862,0.00475286041308602
"Autumn","SO2",-0.194616109240577,0.0514549958431154,0.000155411677427535
"Autumn","O3",0.887876934100766,0.130088856142002,8.78288938986965e-12
"Autumn","PM10",0.858082975258849,0.222775882699012,0.000117263884816915
"trend_Winter","NO2",1.24992469207513,0.252474151926359,7.39456525729932e-07
"trend_Winter","CO",22.6342733557878,4.00646660482274,1.6097587605031e-08
"trend_Winter","SO2",-0.096052614332147,0.0421512534978637,0.0226813021477708
"trend_Winter","O3",-0.369923522270212,0.134182420612949,0.00583575045625359
"trend_Winter","PM10",0.0654410988738482,0.247601658415192,0.79154882078849
"trend_Spring","NO2",-0.117351694869666,0.18664476491892,0.529516952139615
"trend_Spring","CO",8.32376936648318,3.57362296641062,0.0198471875087021
"trend_Spring","SO2",-0.161127031869306,0.0462937993957498,0.000500419781762018
"trend_Spring","O3",0.157077416003029,0.256461955385641,0.540221264328776
"trend_Spring","PM10",1.02787931723664,0.277283268081399,0.000209758075554825
"trend_Summer","NO2",-0.562846517104819,0.148511712475745,0.000150699863693421
"trend_Summer","CO",7.55805682944057,3.19250369884945,0.0179116866321762
"trend_Summer","SO2",-0.187162630582888,0.0469665675091348,6.74749279626956e-05
"trend_Summer","O3",0.321351252674072,0.305424536849561,0.29273249815768
"trend_Summer","PM10",-0.452950227318921,0.314992614987408,0.150442299077448
"trend_Autumn","NO2",0.354546342626834,0.197991407357998,0.0733389119531399
"trend_Autumn","CO",15.899468493568,3.24963705994857,9.94667419025127e-07
"trend_Autumn","SO2",-0.0632172388099479,0.0382771389381859,0.0986229623012248
"trend_Autumn","O3",-1.04895977595011,0.169030112269217,5.44342885219562e-10
"trend_Autumn","PM10",-1.12689809881481,0.289448522284274,9.8906408266611e-05
"may_june","O3",2.90700612859447,0.21547236548082,1.75927983785211e-41
"trends","NO2",0.303290091217633,0.158442874062861,0.0555956201403396
"trends","CO",13.8583274267213,3.09829021178606,7.71676013675058e-06
"trends","SO2",-0.0792536997941347,0.0374670755919234,0.0344053076621197
"trends","O3",-0.38254045519661,0.207392512823476,0.0651068199787472
"trends","PM10",0.188035770879602,0.218046334364747,0.388486079330374
"no_transport","NO2",-1.8866047366802,0.207043918252894,8.08030639180241e-20
"no_transport","CO",-10.7260556410047,3.3310801058377,0.00128193590313185
"no_transport","SO2",-0.280585737716218,0.0612006984871492,4.5467800124651e-06
"no_transport","O3",1.11942984764448,0.132916175310073,3.69877703332378e-17
"no_transport","PM10",0.901911236855154,0.240847690857953,0.000180582909168532
"k3","NO2",-1.87411908882963,0.209533152089699,3.74448527599432e-19
"k3","CO",-10.542300899992,3.38009341366275,0.00181504312066695
"k3","SO2",-0.272812129676708,0.0596888286504156,4.86393186391229e-06
"k3","O3",1.10240150232378,0.136948880255521,8.29769222941822e-16
"k3","PM10",0.905061684503222,0.251964370450869,0.000328121528597806
"k7","NO2",-1.87411908882963,0.209533152089699,3.74448527599432e-19
"k7","CO",-10.542300899992,3.38009341366275,0.00181504312066695
"k7","SO2",-0.272812129676708,0.0596888286504156,4.86393186391229e-06
"k7","O3",1.10240150232378,0.136948880255521,8.29769222941822e-16
"k7","PM10",0.905061684503222,0.251964370450869,0.000328121528597806
"omit61","NO2",-1.85609980195175,0.246457503123469,5.0308849306466e-14
"omit61","CO",-15.8055793953483,3.53044224975208,7.57203912886297e-06
"omit61","SO2",-0.438366846612789,0.0701983321634412,4.24640542412982e-10
"omit61","O3",1.33128025541343,0.156209341588827,1.56265339384192e-17
"omit61","PM10",0.396096143909194,0.272666382582629,0.146313495298795
"omit79","NO2",-2.22828539016622,0.237176174522804,5.71829309292369e-21
"omit79","CO",-7.96747787394855,4.28557503797093,0.0630074985639502
"omit79","SO2",-0.0666999168545166,0.0720451142009354,0.354545958211787
"omit79","O3",1.0175149753468,0.188884592062672,7.16567718891393e-08
"omit79","PM10",1.14399586893704,0.375129160773843,0.00229142306065569
"omit97","NO2",-1.83314634619968,0.223138307193683,2.1164863879618e-16
"omit97","CO",-9.64664663521235,3.88856236782529,0.013109725388013
"omit97","SO2",-0.271985936204342,0.0695152174800577,9.13039194919591e-05
"omit97","O3",1.05369104273751,0.141543267215254,9.74571986365108e-14
"omit97","PM10",1.19091288960973,0.255622801232045,3.17952990087179e-06
"start2013","NO2",-1.94895763352884,0.212083362083658,3.94367604896034e-20
"start2013","CO",-8.78211002752721,3.30196131355621,0.00782184709995163
"start2013","SO2",-0.282284740259396,0.0586156500773869,1.46567565786428e-06
"start2013","O3",1.15265892180451,0.143467145866198,9.41102110920836e-16
"start2013","PM10",0.67883623450699,0.242952476399202,0.00520425801403988
"core2024","NO2",-1.87118598791596,0.207263180009225,1.74729979224603e-19
"core2024","CO",-10.4241352308711,3.36000594291906,0.00191948200283636
"core2024","SO2",-0.278543110549222,0.0591844913015505,2.52187633459237e-06
"core2024","O3",1.1277890715173,0.135736463540488,9.67831217498041e-17
"core2024","PM10",0.907567012009993,0.249494815805166,0.000275170368929262
"jan2018","NO2",-1.8510383026807,0.207004778117099,3.82163246081184e-19
"jan2018","CO",-12.7927359741577,3.36776228743658,0.000145523709368482
"jan2018","SO2",-0.268408189087754,0.0587976624940971,4.99621517658451e-06
"jan2018","O3",0.995734452172452,0.135971482062605,2.42284619383198e-13
"jan2018","PM10",0.638830372708923,0.260224164318091,0.014091463802373
"jan2018_trends","NO2",0.415951275776152,0.163038650933327,0.0107339345268808
"jan2018_trends","CO",7.22918384781426,2.96415309537151,0.0147332702932693
"jan2018_trends","SO2",-0.065693262851432,0.0355472117487742,0.0645941407785961
"jan2018_trends","O3",-0.734998213238075,0.207313562407777,0.000392098718283007
"jan2018_trends","PM10",-0.645337779122529,0.268298250212202,0.0161591946457338
"jul2020","NO2",-1.87807936021304,0.207726103932024,1.55056055816895e-19
"jul2020","CO",-10.5718802986149,3.37626124765427,0.00174070539972856
"jul2020","SO2",-0.272875355450218,0.0594388389591849,4.41424532173696e-06
"jul2020","O3",1.07997420234154,0.13577662673044,1.80509884160488e-15
"jul2020","PM10",0.862504804662177,0.253033712642643,0.000652838202952632
"jul2020_trends","NO2",0.24632906438125,0.15630599816157,0.11503935181521
"jul2020_trends","CO",13.0462950831574,3.07244836610945,2.17406101467234e-05
"jul2020_trends","SO2",-0.0827177395351666,0.035882566636166,0.0211534296503998
"jul2020_trends","O3",-0.422377295211025,0.199411478027784,0.03416496754022
"jul2020_trends","PM10",0.0189219265205064,0.193852362273047,0.922241994068186
"dec2020","NO2",-1.85172356437396,0.205345117972922,1.92225573380277e-19
"dec2020","CO",-10.8354529193464,3.37038098016753,0.001304879341539
"dec2020","SO2",-0.275430989123676,0.0593893523865046,3.52279251787149e-06
"dec2020","O3",1.08273157332757,0.134057760267728,6.65948360129284e-16
"dec2020","PM10",0.928743829108657,0.246118099896412,0.000160928167250999
"dec2020_trends","NO2",0.288316144709894,0.147646065625354,0.0508489929367597
"dec2020_trends","CO",11.7165494612739,3.08453736588081,0.000145586941978122
"dec2020_trends","SO2",-0.0925882493369112,0.0348065110584491,0.00781211243001913
"dec2020_trends","O3",-0.395418958503018,0.19547224697484,0.0430844344816247
"dec2020_trends","PM10",0.162220760389848,0.206288034939466,0.431644966541483
"nearest","NO2",-2.26924336137399,0.2926901898001,8.97072045416886e-15
"nearest","CO",-0.28236445321883,7.2156755065938,0.968785077553257
"nearest","SO2",-0.466901227940086,0.0910392542057653,2.919506599121e-07
"nearest","O3",1.45118704593347,0.236511174829184,8.47276917936325e-10
"nearest","PM10",0.571627467399352,0.470121091146212,0.224017156826748
"nearest_trends","NO2",-0.179514844868077,0.258504039763062,0.487408014934852
"nearest_trends","CO",22.6673065475684,6.47297866136912,0.000462064788557292
"nearest_trends","SO2",-0.109028375558022,0.0714118622733797,0.126822092349957
"nearest_trends","O3",-0.0287586668206521,0.299770966169466,0.923571828038161
"nearest_trends","PM10",0.126550218350722,0.414144799115071,0.759932079631669
