file,bytes,sha256
README.md,8812,c3a95eadd87b192eeef92b6ccb0d6ffbb6eaf47a5b003f1c5ad2b93523e1f0d5
analysis/build_nearest_panel.py,3545,6ef47bb53444d5220e4ddb271978e81f53530ea0fc292579685b731c2761e7ec
analysis/check_event_warnings.R,1791,5df8b1f88b796ef0f3279f890512ec3bec8352e85bd7b62aa5516e24d20eb644
analysis/journal_outputs.R,2455,e7332eb91d2f57d1d03f89372d0bd7d91d60ce4ba583550bff71e20c9b8476c1
analysis/monthly_analysis_journal.R,16377,c983cb4fe9655c19b6c83cec75e58c2ed859fa47325fb9adc733f66f1fc09a24
analysis/monthly_inference_journal.R,11095,0af316904f469819fb32585a98dca93bb1cd37d350f0fd4fe28d93df874bb5fd
analysis/monthly_outputs_journal.R,10721,172e3e33316c02e55b42c075465a8ef973eb629e08ed4ed482c4535ba212ef4a
analysis/reproduce_validation.py,7874,1f184cc396a5bb0f041e3b85071fb95fffe481d1b68a8c94b5590959a08500aa
analysis/seasonal_comparisons_journal.R,5648,fdee3ae3dd8034499f67d2bd318caec792f165d26e52a0be5073f207e060ce39
analysis/timing_outputs.py,1715,e1403f634c8051bcaa65154769a4878af07ae5827cf8667126d02f939767cd8d
analysis/validation_outputs.py,1689,fc0e28d07dc67ce6bc67cdbd75f0afa61372f9da44177271b7c71fff80367aab
analysis/verify_monthly.R,5174,cbc8a9dd3cf49ed6bc06b1587384314753aa3916a1a76204b66c19d82a510ad6
monthly_results/analysis_coordinates.csv,10462,dc4535333b4b5b5006d7aadcf2d86eb5dc3d2129a1b47204335bbe28d46732ec
monthly_results/cohort_membership.csv,8496,bae65a4dabb556fdd6e7eee0bafeaa130d3ea44c03e7f14fd87f6fcf795d58cf
monthly_results/data_audit.csv,490,c7434cdb549c61a9c11a0f0c77b3c37557b186aed7e6deb20b70f363e83c674b
monthly_results/event_dynamic.csv,207891,04e5bb2513c63b6e2e2ad193021257685d4890e49c956756a36963403827db66
monthly_results/event_group_time.csv,572592,73c33791aafba2922bd196fa039977840d68f7e6dd3519a9998a847ee5fb04e3
monthly_results/event_repeat_check.csv,918,1d4f292b2208a85ce0410dcde1c0914d202ced25cc8462b292e01904e6d989ea
monthly_results/event_summary.csv,2204,9d8ffc9103d1af9dde7157dfb633df65f0d5b4a06afacf7c39c5221c13b08092
monthly_results/event_warning_audit.csv,2108,ee12c572e9d0a8ca4ebccfd1893554ef163977afe0246db16e84a289152b113e
monthly_results/inference_cache_journal/Autumn_CO.rds,34530,aae5c45518125ba4bb68d628da8cff9a6fdbea5010c10bf7106e0638abd9c75d
monthly_results/inference_cache_journal/Autumn_NO2.rds,34084,82020129572abe279a91a13efe0334105bd8945d3b923cdddaf48e7cff456f36
monthly_results/inference_cache_journal/Autumn_O3.rds,34139,d8df3d88c20a4a299a4321077c0126d1f870a6e9a97363735d2bf5f164a8a7fa
monthly_results/inference_cache_journal/Autumn_PM10.rds,34228,b8d9a5071a417d84bf685154eae149a9361b7bc6ca766fdfb13783953183bcf3
monthly_results/inference_cache_journal/Autumn_SO2.rds,34157,032d1316ceed6514f7741f2cbcb3eef8ac1b9a5895478b82a03bbe6e8405a852
monthly_results/inference_cache_journal/Spring_CO.rds,34615,22076ad5ba6db1e67ebf9c163020ed595d844813da01da13120c8c67209b2fc7
monthly_results/inference_cache_journal/Spring_NO2.rds,34176,8db0d5790c13bedaf1f2b193e8196e8d9a3d504ca393baf45a973c70c7f5b316
monthly_results/inference_cache_journal/Spring_O3.rds,34050,74642d3167592d5da8c51efce747121153b6aeb239d644a9f16e9e230df86263
monthly_results/inference_cache_journal/Spring_PM10.rds,34127,4347816b85400a9777056c77ee0c519026fe2b8d4b4c27d62322f4e26ba9ceda
monthly_results/inference_cache_journal/Spring_SO2.rds,34233,93882c7f61f706cdb2d7122d57208c21ba41a59145f02e3104760ff7455ec9d9
monthly_results/inference_cache_journal/Summer_CO.rds,34459,0c17ced8f4dbdf21b72b7658ad54edeb8284882c0aa27b12a16c78bf10f66219
monthly_results/inference_cache_journal/Summer_NO2.rds,34082,1a4a8fd5a46abf117194a39a90d37b5481e6d6b5ef472e8da1e4bcf35fa3f088
monthly_results/inference_cache_journal/Summer_O3.rds,34095,71f1d6fdfc43b4970c6ae25c608fbd5ab63cf063e2d4e3f5698b671953c86641
monthly_results/inference_cache_journal/Summer_PM10.rds,34085,c9ef018d73654a1eb2c0ebe10f60b57ee06caa0bdf8a939874bf6e2b5f525e5a
monthly_results/inference_cache_journal/Summer_SO2.rds,34140,ed81c1ec6a219ebf9c22bb1770c0f8250f74366d61fd6ca69fab0c983f93b099
monthly_results/inference_cache_journal/Winter_CO.rds,34465,02f59d21d48a0921e7fe7811dda8cb6e2dd7aba983ae243ec20f1efdd99bd198
monthly_results/inference_cache_journal/Winter_NO2.rds,33949,c12a36dbe6a40d587c9fa5655e18c01ce4e115fb1941f61c8a527ad58ee06616
monthly_results/inference_cache_journal/Winter_O3.rds,33967,f9c2f8323dbc09be00839d9c490364448fa58bc45b8b7d4bd87e324b3d22fa1a
monthly_results/inference_cache_journal/Winter_PM10.rds,33991,b47aa65325f88e1fe14dfba2b3902adeb24eed90eca628aad18cf981f82a428f
monthly_results/inference_cache_journal/Winter_SO2.rds,34064,008eb7988614c94ac456c6f4896ce6f43e938dd41dd25210aaae48ab1849cd8e
monthly_results/inference_cache_journal/core2024_CO.rds,43624,f4ab96290f3430e4c600d21bf1676655b6ad8f317efc43f8dbd8d5ccdd6fc7b7
monthly_results/inference_cache_journal/core2024_NO2.rds,43628,c6f47a627697358197d00574fe807946b7fe40533c8035f9873cab9152581352
monthly_results/inference_cache_journal/core2024_O3.rds,43513,285370f347e0c54038537ba007efac545a557ffc3679cece7fcce1e6d13b1c5a
monthly_results/inference_cache_journal/core2024_PM10.rds,43670,45ed0a07245cac843ff05ebd458275475195f34aa1a5021f85669255e1cf6089
monthly_results/inference_cache_journal/core2024_SO2.rds,43488,3e90a2ed9aa61346ae878cf2b294929023c6075930def705576281fa26e08e84
monthly_results/inference_cache_journal/dec2020_CO.rds,60251,539dfb73372ef5b0425bd20e6684407707cbeb02208b4ebcf352ca412e1b349d
monthly_results/inference_cache_journal/dec2020_NO2.rds,60127,36891a12b01e49e96071362fc85a5e310a9f073ac8e4c2db2fd61362e01e7fbf
monthly_results/inference_cache_journal/dec2020_O3.rds,60036,ee0056e865248bf614318fead6eb572836a1f53d76bcdcd3ec7d55b5f6e7b4dd
monthly_results/inference_cache_journal/dec2020_PM10.rds,59965,b33743960ecad22fb59a16edd4f920817e54546bfc130a9af94a055cb28f333f
monthly_results/inference_cache_journal/dec2020_SO2.rds,59942,f71bef67ac09892fda9a60a74d478857aecef82f7092644651239b080047089d
monthly_results/inference_cache_journal/dec2020_trends_CO.rds,78445,ab164fd2fc797badd67505f90f7a11b88ec47771d73a8abde302ebf1cf1658c0
monthly_results/inference_cache_journal/dec2020_trends_NO2.rds,78622,19712b422a30c03d4f3a4d439d983b230c09195d48b4dfc935b67072dbec4278
monthly_results/inference_cache_journal/dec2020_trends_O3.rds,78447,cedfa360a081e58c4e7205dfd1d79fdd379cbe1964ca4ed615b6867aebe7c0c4
monthly_results/inference_cache_journal/dec2020_trends_PM10.rds,78400,400bb04b1d11c6e438d8b5af6bf1a7d8ddad75152e487cb0f996ac31070c2ca2
monthly_results/inference_cache_journal/dec2020_trends_SO2.rds,78867,3644a34935545e8a9c06fd3386620ac3a9ba4b25dc420646851b23930b42d548
monthly_results/inference_cache_journal/jan2018_CO.rds,60313,4c15b0b3e007f76337d82a655805fb98fafff7fe7209d0a1d0106e37a0d0cbe4
monthly_results/inference_cache_journal/jan2018_NO2.rds,60156,e4bdbf6448c2963de0e7a6d71604f59d2319a665161ef09bd69a03c0d90c7d86
monthly_results/inference_cache_journal/jan2018_O3.rds,59977,4141d7c9ee2e2b1b8e2b777ea2d33cef4587cebf348615c8c4a8ec1ffbc2302e
monthly_results/inference_cache_journal/jan2018_PM10.rds,60022,a1ff0f21b67cf43cbc67523e0a06e632202bf82a5e43cc34c6ed231aa56417dd
monthly_results/inference_cache_journal/jan2018_SO2.rds,59918,91ce6f679f8a35cbf3161a090263c175b6e701153153907b37feae6543ed38e8
monthly_results/inference_cache_journal/jan2018_trends_CO.rds,78320,a0be55bd5d15ef4247f780acb676f4a1ca47ce65035d12aa6bca4fb615c60781
monthly_results/inference_cache_journal/jan2018_trends_NO2.rds,78554,8f0b082d618d5755124d54dbb893c9a3f31fb25f2f538453940ec67d4aed37fe
monthly_results/inference_cache_journal/jan2018_trends_O3.rds,78877,488f17f4049e2dbe745d97a2ebf96caec4c89ed1f98a30edc6cae1d364beda7d
monthly_results/inference_cache_journal/jan2018_trends_PM10.rds,78529,edac9d54b7cd6bc7ae0ea99044a4321b56f195f3b41cef36ab925bbd97e01fc8
monthly_results/inference_cache_journal/jan2018_trends_SO2.rds,78717,97560dd52cdf0718e0ecb9abd3c6ab27a37eda5775dc372c93034946db344ed6
monthly_results/inference_cache_journal/jul2020_CO.rds,60177,be7abb9243ad070edf0e63c94066900185f13c6fd664f52e9c3eb5c8f0d63e74
monthly_results/inference_cache_journal/jul2020_NO2.rds,60115,04df8495624609d376b57c09c003db0244874bb6a624cc2ec8e8221b7c245674
monthly_results/inference_cache_journal/jul2020_O3.rds,60010,fb2a3938c6e2f1272e2489283726377e0561dd778c81d4fc66cda4134cc06f84
monthly_results/inference_cache_journal/jul2020_PM10.rds,60030,6db8a014d9f72c7babb8e241f9c880f697ba5c38ecbef282a3926b375c9c004d
monthly_results/inference_cache_journal/jul2020_SO2.rds,59940,4017b98a1a7ebb1f93511212324aea5566d53b5407599a79f0ef62053c8a577b
monthly_results/inference_cache_journal/jul2020_trends_CO.rds,78477,c38e07f8be9ae616a08808658bb1f3070947b9a2f5f3a132901bb977d3f7b7d5
monthly_results/inference_cache_journal/jul2020_trends_NO2.rds,78598,633091e84572eea793ad46a34aaf9ea8cff80a3de5bfca332b143ca5bdf2b682
monthly_results/inference_cache_journal/jul2020_trends_O3.rds,78511,c83be2bd486e44436508462b3c00616142f341505ec424a4f954bd72e6956d69
monthly_results/inference_cache_journal/jul2020_trends_PM10.rds,78608,d1698f5b361d10c2dc8e45e3030d9576b42ecbbeca0f5688cec0523e64969120
monthly_results/inference_cache_journal/jul2020_trends_SO2.rds,78514,81329c97b38ae0474a5be5b75e7499ffc8b51c50926d100fb606a3de69aa30d5
monthly_results/inference_cache_journal/k3_CO.rds,60215,c0bcad685c6949f7157d48005a4221f234dd8da90b0f75af0c7676fcb2090125
monthly_results/inference_cache_journal/k3_NO2.rds,60104,0c877e645278367e0c23c1d4054fce35a884f44284e33e66f079e75f1e0c2b6d
monthly_results/inference_cache_journal/k3_O3.rds,60127,0757d3c9c06c26a80e330d087634b3a6d4c2bc47d83de35e79f1547ad731bf5c
monthly_results/inference_cache_journal/k3_PM10.rds,60387,e5212467567e72a8b4db7a71f6dc6094235001c35c4b5dfcec15b11fcec95768
monthly_results/inference_cache_journal/k3_SO2.rds,59937,b101b17cb21dd257e136f3e31cb25cf6a5b5dfd33d0d20bcc2f864627526bb19
monthly_results/inference_cache_journal/k7_CO.rds,60256,057cb64a0c3c8889af10ddc412537beffba5f967707b26d4dc77ac4c7bb935a5
monthly_results/inference_cache_journal/k7_NO2.rds,59949,cd910bfbd7dffeb1d01a088a9df53ccf3a9d9c6912542b67c926f4a5bd57c61d
monthly_results/inference_cache_journal/k7_O3.rds,59913,707597e6de4ae3c27b255a957a5784f8815ff89cb305a08c86f5d13463fadc99
monthly_results/inference_cache_journal/k7_PM10.rds,60238,448a766b8ad5c46cb8f8a51625405fc74e6fc59860b0dc9c04002edfbcd40b3a
monthly_results/inference_cache_journal/k7_SO2.rds,59894,99133d1c63eb360177f3e94852e1c71666fdef00db9c8bffeaac84bc12ae5989
monthly_results/inference_cache_journal/may_june_O3.rds,31183,fcad5ef3bb638ad0c92976226096826f1aa81ce55818882098b9862f1162c23a
monthly_results/inference_cache_journal/monthly_CO.rds,60164,3e7ca9ffc12e558e2f0e71eff6d0cdd8ba1e72250d0d2cbe4f6d9705774d00e4
monthly_results/inference_cache_journal/monthly_NO2.rds,59940,a3b7e8b66e9fdbba6a1662e143065fe500669b71d356e947def12fcc136c7c7e
monthly_results/inference_cache_journal/monthly_O3.rds,60006,bef9b08b0d9e50e445f79ca76819997186d336ae66daa18175f2581fe4f57254
monthly_results/inference_cache_journal/monthly_PM10.rds,60180,67f320b73c9febc56e64df5066663714b1487bbf9897c754cdb5d4d78c660f28
monthly_results/inference_cache_journal/monthly_SO2.rds,60054,5e1fd3c97e3f0f5e082cf49628a20b6d27f02e86264cb5e7872df3584758449d
monthly_results/inference_cache_journal/nearest_CO.rds,60265,2cc88f5f6167a6f0b6ad2e39c865148ae72844626bc55280b310bc8ec90c7fd5
monthly_results/inference_cache_journal/nearest_NO2.rds,60183,86f1135f2404727cd420f8cbb5100db58c5f6841200294decb9cd26e55945e78
monthly_results/inference_cache_journal/nearest_O3.rds,59836,91cf7c0bdee68e6e4c5d0d183b135bfa887b4364138b335927588e07f47ba405
monthly_results/inference_cache_journal/nearest_PM10.rds,60225,0cb838a9cb07830d361badfbd437fd5484d8a8ee13b7a86b3f2ce4df03ab60a2
monthly_results/inference_cache_journal/nearest_SO2.rds,59903,23ed4024c4de08d5e8b59242f32141c9a9220f99c96d850d816f697d72ea741a
monthly_results/inference_cache_journal/nearest_trends_CO.rds,78746,5e3cf4bf589976f27903a27bb963e2a5e7752582a3e8ae9ecfb2242a47a57634
monthly_results/inference_cache_journal/nearest_trends_NO2.rds,78734,c34be740aaf935fe3ae21a1464baa2ece869e32067a4c69e9f22fd40ebf1b246
monthly_results/inference_cache_journal/nearest_trends_O3.rds,78353,5878820bd90632dd5da1e19430fb9a6e139ff548d337746b1505210145083d08
monthly_results/inference_cache_journal/nearest_trends_PM10.rds,78895,86a7203cf007d783e08d89a066075dcae0fed06f9bd4c2fee42cd7577e15d8fe
monthly_results/inference_cache_journal/nearest_trends_SO2.rds,78251,f4ac41e564d593e5c0a27d5c2fc9e0bf72aedc159d86e9495726018af8b0df25
monthly_results/inference_cache_journal/no_transport_CO.rds,48899,c37d065b8d8171f020c191033cd699f257cb7eeff5a6ccf449e4233bf8a97575
monthly_results/inference_cache_journal/no_transport_NO2.rds,48838,b213e66db8e32ec6f2cd6d1385c6746a7e3928391598afa3f438613c9c031058
monthly_results/inference_cache_journal/no_transport_O3.rds,48900,b4bb137a33c0b1cb6f63ed77d905b9bb258b394f417fb4f32ac402fbe98d8a15
monthly_results/inference_cache_journal/no_transport_PM10.rds,48922,1806190629a455e1105193effd845ee453274d6786d052ff1c403f9182c5f2b1
monthly_results/inference_cache_journal/no_transport_SO2.rds,48756,70fd912d4938112ee36b35861a9e831ed6bcbb49e8926f37c49df50d78147fb7
monthly_results/inference_cache_journal/omit61_CO.rds,60287,ef10ff4a3263db5f676e31388021199c3bb4ed5ba050fea4dd7293f3e5431688
monthly_results/inference_cache_journal/omit61_NO2.rds,59980,42d6c918343d171047a58a9705ff0ca5f799b88998c119108ff56de9603e938c
monthly_results/inference_cache_journal/omit61_O3.rds,59951,aaa950b45eb03ab2f5c352f261f5789dfb6f95526836e01b23b660d5da253f39
monthly_results/inference_cache_journal/omit61_PM10.rds,60265,90b4a6420307a8324b28f88ee36dd745bbcf5c856ea0e3258f32ee2a176a7e4b
monthly_results/inference_cache_journal/omit61_SO2.rds,60022,414c1e8a791f1ec25dc67d644e52e3637b4c120ceeff3204b95d622127812c2e
monthly_results/inference_cache_journal/omit79_CO.rds,60172,80aab06faaad320f11d9ff85924854238a700f7bf58fec0cc41efd13f15abb35
monthly_results/inference_cache_journal/omit79_NO2.rds,59901,4b62ff34df103fe25c8873d8c7285ef6528ac0536c43bc3b95d7b82e9f1cd0b7
monthly_results/inference_cache_journal/omit79_O3.rds,60028,f8da818c51e8cd2627c6578a29f8c4b01e0294d883ebecf6a3dd87d6570835c4
monthly_results/inference_cache_journal/omit79_PM10.rds,60089,1b0c775558af6a6a0a750e95c8e83a34051a5f7dc4a1a2abd43ac92e1bf66627
monthly_results/inference_cache_journal/omit79_SO2.rds,60051,97a37b7ad60b06578620ed02684b831d37240b81e41928481343687ccf86528d
monthly_results/inference_cache_journal/omit97_CO.rds,60010,2449cac592f2c24b39590324ca0b7571585098c039a71801e84433a7feef2082
monthly_results/inference_cache_journal/omit97_NO2.rds,60076,c7dc806d4eebf4e96e3eb64a6607f60513275956ae4898f740a0711d36cba1a2
monthly_results/inference_cache_journal/omit97_O3.rds,60039,47cb7e30b265891a45d9860c473563859eea282c205b698216cc8bf7eeb16708
monthly_results/inference_cache_journal/omit97_PM10.rds,59911,5bd899033d598daccdf84855d84c767b34b906cc790c74f7c5f7d15af4f3c568
monthly_results/inference_cache_journal/omit97_SO2.rds,59909,11b536f8a1e3a38cec10becc30fa2f776c7ce75ea112c51ecb078dac11c190b8
monthly_results/inference_cache_journal/start2013_CO.rds,57574,cd9183e9f47b243242e807d32dabbafbec6f4dc88ec42331f05137d2bfa88c34
monthly_results/inference_cache_journal/start2013_NO2.rds,57442,d8f4ee00107723d9171fd229fedb4da2027540e3afb1e0cb9b2c320540482a71
monthly_results/inference_cache_journal/start2013_O3.rds,57384,3722baf4656a72d513ae3c59550716bd122469bef55a7c16be7c41fd4f6a89d9
monthly_results/inference_cache_journal/start2013_PM10.rds,57483,b0bff4b671942cda8c242e27ec2cfd0c0629cf02c04724d279d0e1b4947f6b28
monthly_results/inference_cache_journal/start2013_SO2.rds,57342,eb8b7d679dc5b729a4c3beb470b296f23f31e0ca61f672eb4e3ffb12c995b24b
monthly_results/inference_cache_journal/trend_Autumn_CO.rds,47402,894b007397e4981f4bd504a596b2d8f751ecd7eb4bf1cb1361f1a3af81d7e83f
monthly_results/inference_cache_journal/trend_Autumn_NO2.rds,47419,8d81c80a7cc5366665da772c45b77d6feae29403205973bf987492842960c752
monthly_results/inference_cache_journal/trend_Autumn_O3.rds,47265,44178d3653a02558e0dfdc699b4c676e86a1385e109df632aba156246d9374fc
monthly_results/inference_cache_journal/trend_Autumn_PM10.rds,47222,a1f1fb5e55d27878a43a272157f087d3a3e69cf844dc4f3eab438775eb7390fc
monthly_results/inference_cache_journal/trend_Autumn_SO2.rds,47718,75c7dd7feb28b2d594d066b204f15db0aa740e29a1b440a219d9809c36e0cff7
monthly_results/inference_cache_journal/trend_Spring_CO.rds,47845,c191e3ee1aa97cd52aad0397a41d24424d14a9c910e79e45534534bd4fa3c015
monthly_results/inference_cache_journal/trend_Spring_NO2.rds,47326,7b67e2c2bd68927bebb8bf688fe26da1c4e01a1d57c34ade1f4bf48f267b039b
monthly_results/inference_cache_journal/trend_Spring_O3.rds,47212,769d395cc28f35e9fc847d80d43ecf7250cb77974500d3590d754ac651afe7a5
monthly_results/inference_cache_journal/trend_Spring_PM10.rds,47367,06926d1e17df9a9c073c192eda703d820b51b2cb3b6761f13020507c667b8819
monthly_results/inference_cache_journal/trend_Spring_SO2.rds,47588,69b1e9e8e4bed39cbd14113538dcd2f93b9a211f11d9b016148239418c42149c
monthly_results/inference_cache_journal/trend_Summer_CO.rds,47603,6c85f4f8dc8725eb28d82f65187bb9b6954480ff2fe4d2208e24a59d60c278b3
monthly_results/inference_cache_journal/trend_Summer_NO2.rds,47398,21a351a8db08694b50a29ec7a4f9186694335cbda2125c0caf6c8f814aa7aad4
monthly_results/inference_cache_journal/trend_Summer_O3.rds,47568,1000af2b33c74f8fcbf4f30260180624c0169ce1e7b4b350c1918bdc8c0679cd
monthly_results/inference_cache_journal/trend_Summer_PM10.rds,47327,f577b81bfb94e866b0335573ee11968ad36a231a21a3811298304b661bc7d6d6
monthly_results/inference_cache_journal/trend_Summer_SO2.rds,47472,29edbe4c30d7b0116d3e92de79a58c5228fbdf204332ced3fd745bc55a01e673
monthly_results/inference_cache_journal/trend_Winter_CO.rds,47694,46da5479bca2c82a710ff5a425f40edb5f71c1a8a118609270b89d061b06e8ef
monthly_results/inference_cache_journal/trend_Winter_NO2.rds,47257,7ac37d8a63a4ccd8c410da92bf15286465503e5204572d9e75fd3a64520aecec
monthly_results/inference_cache_journal/trend_Winter_O3.rds,47098,8634a11f5332557cdfd5b4bf9f51dfe2facf55cc03bd71386f40f326030ce295
monthly_results/inference_cache_journal/trend_Winter_PM10.rds,47214,d3290436832f47ba67db643ec4ce73ca96f91207e3b24f12570a03ca4753679c
monthly_results/inference_cache_journal/trend_Winter_SO2.rds,47155,68d9b074e20dd5fe9bbf9232af4b88b25ff6410752f480b913c5e55d559032a4
monthly_results/inference_cache_journal/trends_CO.rds,78452,b19a73c9153da12b6549cb621987a41743f4ba17b1fe037c243915833df8386b
monthly_results/inference_cache_journal/trends_NO2.rds,78611,0f32b013f1079492f3fb258642690bbfd1dbb28311e08584f86d3d7595933578
monthly_results/inference_cache_journal/trends_O3.rds,78519,95d475c5877489695124d84952c2c390711b4047b74803f481b6b1d5a0bc778a
monthly_results/inference_cache_journal/trends_PM10.rds,78726,ae9f643be62d0a2372d8c9aa7b79f4989504c632d33e7a72862d7091223dbbb5
monthly_results/inference_cache_journal/trends_SO2.rds,78711,41af8f550d9f9979c424c3b9294a1589bc0b4ab02f03d4e15fb3d1070d26eaf7
monthly_results/inference_coefficients.csv,1641688,bd1751f57322a5f98f350473131b4976980a9a87361d0176fc6969564125edb9
monthly_results/inference_impacts.csv,302799,ed47c5440f042dfcc41c2a3f461051d0037da438581e214cb5dc694a6261e3dc
monthly_results/inference_verification.txt,534,c1fe031e5adaea012deeddf0fea5e17c65a1c63dafdeb87e785716c8c0ef4ec6
monthly_results/input_checksums.csv,317,e17b9acba8cb13ae72df729413cb561cb4013dadedb305a949fda125ddcb1168
monthly_results/interpolation_validation.csv,2895,633a9f959929caffadf5a5a123198e7e251a3eb221ba01027c5802e6a7bacb48
monthly_results/overlap_audit.csv,786,830fbf72e59bb18d34cc9aec41c200b8fa6baf8a13c3a2e38717c6dd50ec2ea0
monthly_results/pooled_multiplicity.csv,1190,edf2c94acc173e876727f9b9eeed5121848dadfc60a282602add9f1acd8c143a
monthly_results/residual_diagnostics.csv,38289,66bd2c3486e665d2cdc915fd9fd4c99784ffe827ea5b33ce38bf6bfe8e10c52b
monthly_results/sdm_impacts.csv,72667,89d6e96e89f62443ca9eb654689f7d2bc90e8d77517082a70f549a530ff1da80
monthly_results/sdm_raw.csv,329667,db3ec1156b35fb66bd317409250a5c9be16d09c1dcd833dc1a6af224329ef8db
monthly_results/sdm_twfe.csv,9635,d86befa7d2712f3e3fbd5e79be5a77ea1207ecba740aab5e096e03b77f7826b1
monthly_results/seasonal_omnibus.csv,682,2b41ff4dc51f9d69d9d6eff4510ac68ba99c9377580406c66c8db97466bbe093
monthly_results/seasonal_pairwise.csv,8149,557e2bee3081a321feb30bdde744bc5e79fa8334957e97f8133a9730307c21e6
monthly_results/seasonal_verification.txt,391,0697c20d04d3c7aaecc4bf48706971fd77ac2b50da23013be8d1a71bc75a6448
monthly_results/sessionInfo.txt,3288,ed5c59b29443b77b3235e4d8b99a2d3f38b6f8a548e572ddbd11d98b21c4503b
monthly_results/summary_statistics.csv,547,58924109ca0fec19b56a4e90ea657e3218971ce5b01cf6038f10f92597bae576
monthly_results/timing_sensitivity.csv,8395,9e17ee1cf88a1a52650cba4af6efa84979659e03fcdc92a150cf7c4bacf86239
monthly_results/verification.txt,489,d6dea788b34eb5bb00119f2b09918354bbe770118f8522e173fa12729b746c42
monthly_results/within_year_variation.csv,324,71d89a02eba662567797b3f2b33a49ff09a69ac59f663a64d18c26ac703da4b9
provenance/POLICY_EVIDENCE.md,2423,98229f97c3594f63336b9b73821564063c7d10b3ed15edef9d0dd682b9e5cba2
provenance/nearest_manifest.json,900,15645b2ad2c3f158e40a981fb27b31887e0ca9c1f01a06fe3300d8a77aca2efe
provenance/preserved_files.json,854,984359c0e5847bc70e78c511ebd876d41d6021303c36784a424df64b3c649761
source_preprocessing/00_전체실행.R,1005,1a92c7dd89202e7e673a913476e1f536b6469932fa24235d8cfc580cbb7634b3
source_preprocessing/01_airkorea_prep.R,1720,602ee413777646c88af8eac47464219ad146b62f86f8b3ef25a3fdc52baf3712
source_preprocessing/01_kma_asos_prep.R,3262,1fef6538700ebc80a896b8802eb5bb57c4373709b4844a50242aed5914dd0980
source_preprocessing/02_IDW.R,1315,425d37d437dd6646a0f52af5fc28544e800af4268341246ccc2c844a5177fe3d
source_preprocessing/03_merge_check.R,978,84d03e3fa067d0bf9b65eb238e2d7d06ab259a7addd67e983ecd2de9ca9266bd
source_preprocessing/check_coordinates.R,536,6c49e93dc2832558a141f14e8c9994c761138e57a035e592b4914844c22f03c0
source_preprocessing/replay_supplied.R,1475,e4ff5ac4f6f4001bdf88a97cb2998ed6197fcb7671785cbdd74c43b0c950c4b7
tables/interpolation_sensitivity.tex,679,5a57bd061255d8e3e40e1ef7cb36e8e62fbcde10a378416e19728bf3a726197b
tables/interpolation_validation.tex,863,5fe4687a8aed2f8f9f53274dcac35fdae9304348d5d5f3a045f8f793e4daf468
tables/monthly_coefficients.tex,4171,2f4a2147648bc9c80d22de0ceb30a71875969b6632e1ad11380675b71c8dfeb6
tables/monthly_pretests.tex,428,46f2f98f22530d1e69dc156086112ab90f2e1b7b7941b659f41af5fc1d824abd
tables/monthly_primary.tex,719,045ae1d422506911d63e4dd81590a8c43007293dfa2b48ec745cd7a1a21c062f
tables/monthly_residuals.tex,396,620a423e71806c0c83acf478866fa91cd94d049eec326d01278241a3c39a6e67
tables/monthly_seasons.tex,2127,4e642e8fb36ce2b4c5f55ff81283f4d9d54b6e50364d4265c0fcbe40b931860d
tables/monthly_sensitivity_extra.tex,949,1daa3dc1f3d52da424a825a1f6ea63ccc65c617c8941e3e54dfa156c602f34c0
tables/monthly_sensitivity_main.tex,819,dfe9a40817afb2c476b6ab84833ebbf45a16605576cc376aa6b22dd93f6ef287
tables/monthly_summary.tex,397,0b68ce16a90c8e33ae0c3af489659ed2db5ce24b39409a53d3e25b7e68142609
tables/monthly_uncertainty.tex,500,f2a314ef5034cb33a45aadacad2a3198c882a86c50a5895413247f1384b5ab9b
tables/seasonal_omnibus.tex,652,c53362e46e2a4f17f100c4dcae6222cd36ad1a6f84fe701607d8b720e0b3f979
tables/timing_sensitivity.tex,1754,ef9d5d49abded4e79737ea825c8865b0880d4acf7119e6bea620bf81d991fa9f
validation_evidence/coordinate_transform_check.csv,86,c68eea0e55cff0e4e057cb583255192518687ddd223427200bc8a1eeae5c8b87
validation_evidence/cv_independent_comparison.csv,7418,3b13169e90384e07bfbc23f6b832a294537d45f6ffa5b751310d584c11183c9d
validation_evidence/cv_reproduction_summary.json,347,5041d3837de755062dc9c83e3e0f38283b82cefed4db76cfb7a1f481334e1fd0
validation_evidence/independent_R_reproduction_check.csv,1448,4f2cb2ca47b5c51584b591ee281cba57c82c5776249db90e29437696d51b3c17
validation_evidence/independent_checks.json,3472,da1371faf790b43167a6ad19672764bf157ac7ae6c6b9c24aa8e965b696b71a6
validation_evidence/independently_recomputed_cv.csv,2895,633a9f959929caffadf5a5a123198e7e251a3eb221ba01027c5802e6a7bacb48
validation_evidence/manifest_check.csv,3429,baceab40520c4b5c5367752be815054914a72c9ce6f6ecbd251802325f083416
validation_evidence/rain_archive_summary.json,296,fc3af2d121a6d8213b2146fd401ba9737dbb5308acaa76ddc0095c18d655fadb
validation_evidence/rain_archived_html_check.csv,36625,c24b328cb72307cb3fe52f2c31bec71211c10523cc081486d3bd6165db27fd3d
validation_evidence/spatial_weight_checks.json,247,cacee1285f39ed67d8a44e01eb107a7cdbd9e8b3c76da3c75e51521086315e0e
validation_evidence/support_summary.csv,872,710fd1f579d00a3f5a6dddb5cb5bd8c7e95ad3889da4f78d57b3c9ec39d0f3f8
