"dataset","estimator","outcome","event_month","estimate","se","low","high"
"dat12_24","dr","NO2",-48,-0.387179758004794,16.395400026039,-47.8095444354469,47.0351849194373
"dat12_24","dr","NO2",-47,-0.896146254220849,22.0415173461087,-64.6494473003225,62.8571547918809
"dat12_24","dr","NO2",-46,0.68834878396919,20.2438476431129,-57.8653384625509,59.2420360304893
"dat12_24","dr","NO2",-45,-0.313640791398764,16.2314903355835,-47.2619099845829,46.6346284017854
"dat12_24","dr","NO2",-44,-0.197911957698131,21.0908732835878,-61.2015521635818,60.8057282481856
"dat12_24","dr","NO2",-43,-0.81938804365073,14.992479898866,-44.1839200498278,42.5451439625263
"dat12_24","dr","NO2",-42,-1.543351700171,4.99925867855418,-16.0033019175942,12.9165985172522
"dat12_24","dr","NO2",-41,-0.825327322795144,6.76346624646194,-20.3881048283084,18.7374501827181
"dat12_24","dr","NO2",-40,0.335655573773823,10.4756032955933,-29.9641772397507,30.6354883872983
"dat12_24","dr","NO2",-39,-1.18572890044941,35.8166663767853,-104.78253115917,102.411073358271
"dat12_24","dr","NO2",-38,-0.500947066407022,8.21819335145503,-24.2714047242544,23.2695105914403
"dat12_24","dr","NO2",-37,0.216963353585219,20.5834330574407,-59.3189471587176,59.752873865888
"dat12_24","dr","NO2",-36,-0.606231694275011,10.482062770036,-30.9247480136707,29.7122846251206
"dat12_24","dr","NO2",-35,-1.8468435870068,11.1186997108887,-34.006780617596,30.3130934435824
"dat12_24","dr","NO2",-34,-0.355907331391873,18.905915537835,-55.0397344885345,54.3279198257508
"dat12_24","dr","NO2",-33,0.797445821069729,20.3916867122398,-58.183853941069,59.7787455832085
"dat12_24","dr","NO2",-32,-0.543987690703003,7.20083396330175,-21.3718158404932,20.2838404590872
"dat12_24","dr","NO2",-31,-0.325502640593002,17.37081870403,-50.56918672393,49.918181442744
"dat12_24","dr","NO2",-30,-2.69765195051471,2.94620881062303,-11.2193219562091,5.82401805517971
"dat12_24","dr","NO2",-29,0.0512036557510548,15.9684166440516,-46.1361462236588,46.2385535351609
"dat12_24","dr","NO2",-28,-1.05377557183804,7.98042014107014,-24.1364935054036,22.0289423617275
"dat12_24","dr","NO2",-27,0.879285453708275,6.95887491553337,-19.2486957766987,21.0072666841152
"dat12_24","dr","NO2",-26,-0.0391585178811506,20.8569459277385,-60.3661828217741,60.2878657860118
"dat12_24","dr","NO2",-25,-0.53612273012119,8.66122750353807,-25.5880207365588,24.5157752763164
"dat12_24","dr","NO2",-24,-0.465474802649403,23.5617830837178,-68.6160211798207,67.6850715745219
"dat12_24","dr","NO2",-23,-1.04543818441259,20.2488503765677,-59.6135954316586,57.5227190628334
"dat12_24","dr","NO2",-22,-0.590373780730149,25.4272873091668,-74.1367398113439,72.9559922498836
"dat12_24","dr","NO2",-21,-0.117451615511993,15.1017633702528,-43.7980771982465,43.5631739672225
"dat12_24","dr","NO2",-20,-1.1645707682915,15.5755995834152,-46.2157291628071,43.8865876262241
"dat12_24","dr","NO2",-19,-1.03334442870933,14.8983931872752,-44.1257382533674,42.0590493959488
"dat12_24","dr","NO2",-18,-0.827341727228534,11.8121779243674,-34.9931082394537,33.3384247849966
"dat12_24","dr","NO2",-17,-0.159572256802377,9.19977619733704,-26.7691786761688,26.450034162564
"dat12_24","dr","NO2",-16,-0.936874437584813,21.4853171428052,-63.0814115113019,61.2076626361323
"dat12_24","dr","NO2",-15,0.208047353936966,13.0558113018249,-37.5548278264002,37.9709225342741
"dat12_24","dr","NO2",-14,-0.0432490946185168,5.23227344873627,-15.1771756340135,15.0906774447764
"dat12_24","dr","NO2",-13,-0.722177252921845,12.0413781173169,-35.5508867318895,34.1065322260458
"dat12_24","dr","NO2",-12,0.602396004648891,6.5083712171419,-18.2225398203562,19.4273318296539
"dat12_24","dr","NO2",-11,0.11946785779917,8.71833216715378,-25.0976007561543,25.3365364717526
"dat12_24","dr","NO2",-10,0.0748526037177082,8.27025905025001,-23.8462008646326,23.995906072068
"dat12_24","dr","NO2",-9,1.01380138715899,16.3145060029536,-46.1745838901532,48.2021866644712
"dat12_24","dr","NO2",-8,-0.817743908345854,8.45272405813859,-25.2665626115317,23.63107479484
"dat12_24","dr","NO2",-7,-2.29845085976856,14.4435152818143,-44.0751472398861,39.478245520349
"dat12_24","dr","NO2",-6,0.233236181513593,7.22897449918552,-20.6759861857265,21.1424585487537
"dat12_24","dr","NO2",-5,-0.677089050366715,15.8938899996201,-46.6488766559192,45.2946985551857
"dat12_24","dr","NO2",-4,0.0621110996731692,7.72673788663194,-22.2868514901339,22.4110736894802
"dat12_24","dr","NO2",-3,0.221371005117104,6.98743088959275,-19.9892060639649,20.4319480741991
"dat12_24","dr","NO2",-2,0.725422394350705,2.33231527645763,-6.02061035918276,7.47145514788417
"dat12_24","dr","NO2",0,-0.595190749356611,1.47859364056519,-4.87190291992079,3.68152142120757
"dat12_24","dr","NO2",1,-0.362569614138439,1.76209567128829,-5.45928841256127,4.73414918428439
"dat12_24","dr","NO2",2,-0.0151307389979627,2.98307242751237,-8.64342576638623,8.61316428839031
"dat12_24","dr","NO2",3,0.0818688803336239,9.23084778609772,-26.6176095891796,26.7813473498468
"dat12_24","dr","NO2",4,0.372876022391576,10.9059551887369,-31.1717147344507,31.9174667792339
"dat12_24","dr","NO2",5,0.193070232002775,8.04564784897342,-23.0783135557871,23.4644540197927
"dat12_24","dr","NO2",6,0.480704734615391,10.7761084058567,-30.6883147351488,31.6497242043796
"dat12_24","dr","NO2",7,-0.538066589117498,14.2506893674594,-41.7570296528611,40.6808964746262
"dat12_24","dr","NO2",8,-0.681041051913985,3.855160833265,-11.8317810542884,10.4696989504605
"dat12_24","dr","NO2",9,-0.121359726779543,4.67468613089688,-13.6425101775093,13.3997907239502
"dat12_24","dr","NO2",10,-0.63202886708635,10.5304679970512,-31.090553379278,29.8264956451053
"dat12_24","dr","NO2",11,-1.04058265874903,11.4818570174655,-34.2509227414387,32.1697574239407
"dat12_24","dr","NO2",12,-1.46908572259719,16.2116324525675,-48.3599175999115,45.4217461547171
"dat12_24","dr","NO2",13,-0.968616701929185,7.60199274260934,-22.9567640812391,21.0195306773807
"dat12_24","dr","NO2",14,0.547727196447392,1.36737377534538,-3.40729053546611,4.50274492836089
"dat12_24","dr","NO2",15,0.0761949554415835,2.17379501765721,-6.21133080773746,6.36372071862063
"dat12_24","dr","NO2",16,0.0601604177359451,4.07159026346046,-11.7165841560036,11.8369049914755
"dat12_24","dr","NO2",17,-0.635533828209023,3.73770538207642,-11.446543465312,10.1754758088939
"dat12_24","dr","NO2",18,1.41451406023596,17.0153849697762,-47.8011067774544,50.6301348979263
"dat12_24","dr","NO2",19,0.696545615713427,13.9380709475791,-39.6181940262836,41.0112852577105
"dat12_24","dr","NO2",20,0.161379918279364,13.1900294548118,-37.9897103825898,38.3124702191485
"dat12_24","dr","NO2",21,-1.26775959362516,7.24573110084198,-22.2254490719602,19.6899298847099
"dat12_24","dr","NO2",22,-1.60167783022078,14.6252834359303,-43.9041238521614,40.7007681917199
"dat12_24","dr","NO2",23,-2.3247234477433,7.34109757855775,-23.5582527273066,18.90880583182
"dat12_24","dr","NO2",24,-2.99637317088559,4.19341286229169,-15.1254797302158,9.13273338844461
"dat12_24","dr","NO2",25,-2.73525342566894,6.47344203918183,-21.4591594366728,15.9886525853349
"dat12_24","dr","NO2",26,-1.18733672906176,10.4735146164398,-31.4811282075561,29.1064547494325
"dat12_24","dr","NO2",27,0.650403884076183,8.71754717160327,-24.5643941939216,25.865201962074
"dat12_24","dr","NO2",28,0.367064162253435,9.43374779914275,-26.9192861369435,27.6534144614504
"dat12_24","dr","NO2",29,0.204870567797291,11.0158783369165,-31.6576639788388,32.0674051144334
"dat12_24","dr","NO2",30,-0.342700229830842,13.8195817139517,-40.3147193747066,39.629318915045
"dat12_24","dr","NO2",31,-0.0834756871878974,8.66590303341013,-25.1488972845291,24.9819459101533
"dat12_24","dr","NO2",32,1.65085855042438,7.63316040159411,-20.4274387543629,23.7291558552116
"dat12_24","dr","NO2",33,-0.450845677086465,5.23087864283436,-15.5807378535486,14.6790464993756
"dat12_24","dr","NO2",34,-1.36341462954529,3.52985131600931,-11.5732232404416,8.846393981351
"dat12_24","dr","NO2",35,-2.4012903430732,3.34941710875632,-12.0892076452459,7.28662695909949
"dat12_24","dr","NO2",36,-1.00847018275683,21.0592269282075,-61.9205758726682,59.9036355071545
"dat12_24","dr","NO2",37,-1.0070687513448,15.2101561362092,-45.0012116174281,42.9870741147385
"dat12_24","dr","NO2",38,-0.709768825213855,12.3946782152672,-36.5603701798886,35.1408325294608
"dat12_24","dr","NO2",39,0.101299389439522,9.97137227085648,-28.7400860852722,28.9426848641512
"dat12_24","dr","NO2",40,0.858260095807017,8.54319589514788,-23.8522410573879,25.5687612490019
"dat12_24","dr","NO2",41,0.241067216287812,12.1032369383792,-34.7665638849809,35.2486983175565
"dat12_24","dr","NO2",42,-0.358947470121825,12.8690829059867,-37.5817259118003,36.8638309715566
"dat12_24","dr","NO2",43,-0.686026379526823,7.23855853101981,-21.6229697814477,20.250917022394
"dat12_24","dr","NO2",44,-0.378536293093521,13.6111190052802,-39.7475939623988,38.9905213762117
"dat12_24","dr","NO2",45,-1.14133106470366,15.3045082584067,-45.4083797909572,43.1257176615499
"dat12_24","dr","NO2",46,-2.44485807761403,16.2482147115816,-49.4415011717902,44.5517850165621
"dat12_24","dr","NO2",47,-1.54480565296555,10.2725401666157,-31.2572948372025,28.1676835312714
"dat12_24","dr","NO2",48,-0.880773119639526,9.81591758476537,-29.2725185243973,27.5109722851183
"dat12_24","dr","NO2",49,-1.78710238543013,14.0575908433612,-42.4475436312299,38.8733388603697
"dat12_24","dr","NO2",50,0.663293848825164,11.1499978763165,-31.5871705865418,32.9137582841922
"dat12_24","dr","NO2",51,0.52140692167296,9.12055396554733,-25.8590556182806,26.9018694616265
"dat12_24","dr","NO2",52,0.0697023420633137,9.06400484895523,-26.1471964650775,26.2866011492041
"dat12_24","dr","NO2",53,0.767297417727676,7.96117324332201,-22.2597504252959,23.7943452607512
"dat12_24","dr","NO2",54,0.885239925974674,8.3795407234667,-23.351901917872,25.1223817698213
"dat12_24","dr","NO2",55,-0.34656005358135,9.99251516872904,-29.2490996454026,28.5559795382399
"dat12_24","dr","NO2",56,0.272725747744347,7.70033558910992,-21.9998703380785,22.5453218335672
"dat12_24","dr","NO2",57,-0.859366044344071,13.400950685574,-39.6205288965102,37.901796807822
"dat12_24","dr","NO2",58,-0.838328307761131,17.4116770305489,-51.2001917863683,49.5235351708461
"dat12_24","dr","NO2",59,-1.88660797884311,18.3186275923327,-54.8717523909449,51.0985364332587
"dat12_24","dr","NO2",60,-3.44411308732304,20.3954279572152,-62.4362340970854,55.5480079224393
"dat12_24","dr","CO",-48,-37.4285496682967,589.849941222274,-1752.31227516103,1677.45517582444
"dat12_24","dr","CO",-47,-53.3008103123441,1047.43983301542,-3098.5457065801,2991.94408595541
"dat12_24","dr","CO",-46,-31.1260040726768,810.095385423864,-2386.33416037331,2324.08215222795
"dat12_24","dr","CO",-45,-19.3835024485191,200.829210881162,-603.258690483627,564.491685586589
"dat12_24","dr","CO",-44,-15.5328299599057,475.912693605589,-1399.16428600185,1368.09862608204
"dat12_24","dr","CO",-43,-38.9335083962817,435.858592543537,-1306.11479423355,1228.24777744099
"dat12_24","dr","CO",-42,-50.4030945598365,335.973740968667,-1027.1869514611,926.38076234143
"dat12_24","dr","CO",-41,-46.6905026231992,288.326447400171,-884.948333506606,791.567328260208
"dat12_24","dr","CO",-40,-22.6167133724254,290.082684013969,-865.980489644039,820.747062899188
"dat12_24","dr","CO",-39,-34.9769206052463,40.297015254121,-152.133320590685,82.1794793801928
"dat12_24","dr","CO",-38,-46.1237989915416,831.699993728077,-2464.14350885403,2371.89591087094
"dat12_24","dr","CO",-37,-21.1518801085693,190.760071083822,-575.752836239222,533.449076022084
"dat12_24","dr","CO",-36,-17.5447093155804,89.3565454252239,-277.332961897985,242.243543266824
"dat12_24","dr","CO",-35,4.99443757948021,242.955590778295,-701.355702559241,711.344577718201
"dat12_24","dr","CO",-34,-19.5673306539839,65.2603795314668,-209.300269418182,170.165608110214
"dat12_24","dr","CO",-33,31.6981538291006,234.636645144856,-650.466132445702,713.862440103903
"dat12_24","dr","CO",-32,12.3559211538393,626.746572337003,-1809.79819262281,1834.51003493049
"dat12_24","dr","CO",-31,-4.09632605524929,447.243345753903,-1304.3767556489,1296.1841035384
"dat12_24","dr","CO",-30,-52.5630336418586,388.325992353905,-1181.55174404775,1076.42567676403
"dat12_24","dr","CO",-29,-9.00515310412154,240.400994312032,-707.928258671784,689.91795246354
"dat12_24","dr","CO",-28,3.56044538629277,509.154346656776,-1476.71520071496,1483.83609148755
"dat12_24","dr","CO",-27,-0.488606320561058,313.211596427524,-911.095579063743,910.118366422621
"dat12_24","dr","CO",-26,-9.89609959856893,565.055527083758,-1652.69447877227,1632.90227957513
"dat12_24","dr","CO",-25,-8.80240645417155,69.3700274479621,-210.48341512052,192.878602212177
"dat12_24","dr","CO",-24,-13.9267396980936,202.076131068952,-601.427126258437,573.57364686225
"dat12_24","dr","CO",-23,-2.51781837361297,506.253231016313,-1474.35898707661,1469.32335032939
"dat12_24","dr","CO",-22,9.5661018375338,241.015525077595,-691.143642559818,710.275846234885
"dat12_24","dr","CO",-21,14.2403886559919,173.707394925695,-490.782946496905,519.263723808889
"dat12_24","dr","CO",-20,-2.01738289004777,131.227164903905,-383.537009678407,379.502243898311
"dat12_24","dr","CO",-19,-14.7532163933247,124.004204424179,-375.273371094102,345.766938307453
"dat12_24","dr","CO",-18,5.22735149755287,196.33856136682,-565.592072298468,576.046775293574
"dat12_24","dr","CO",-17,9.18814137960613,141.833625701794,-403.167882492537,421.54416525175
"dat12_24","dr","CO",-16,-1.46707527552711,44.7747192691426,-131.641602764755,128.707452213701
"dat12_24","dr","CO",-15,0.535084050462175,179.022030783921,-519.939608987299,521.009777088223
"dat12_24","dr","CO",-14,-10.9321787018467,179.916565240129,-534.00757146616,512.143214062467
"dat12_24","dr","CO",-13,-19.9981564947178,223.287879706649,-669.167927055766,629.17161406633
"dat12_24","dr","CO",-12,-14.5409638813152,159.332908414995,-477.77303780524,448.691110042609
"dat12_24","dr","CO",-11,4.22676609388087,126.834309589138,-364.521415685722,372.974947873484
"dat12_24","dr","CO",-10,10.3407438927969,29.630846711232,-75.8056693667638,96.4871571523577
"dat12_24","dr","CO",-9,23.272876532526,206.540445730114,-577.206710368231,623.752463433283
"dat12_24","dr","CO",-8,11.302707245618,264.265208607249,-757.001354149108,779.606768640344
"dat12_24","dr","CO",-7,-43.1377227121591,150.947781957457,-481.991533804635,395.716088380317
"dat12_24","dr","CO",-6,20.1531163538014,49.4447185395822,-123.598602870573,163.904835578176
"dat12_24","dr","CO",-5,5.88100321653066,191.976802638389,-552.257383361089,564.01938979415
"dat12_24","dr","CO",-4,5.89955942766599,90.5920487132575,-257.480699075856,269.279817931189
"dat12_24","dr","CO",-3,-7.00751566563341,88.188845701358,-263.40088912239,249.385857791123
"dat12_24","dr","CO",-2,-4.37934654672455,35.3652908584041,-107.197635575833,98.4389424823834
"dat12_24","dr","CO",0,0.905823749345086,38.4881434791712,-110.991603484589,112.803250983279
"dat12_24","dr","CO",1,-1.28714037892754,146.218696291183,-426.391976556277,423.817695798422
"dat12_24","dr","CO",2,0.0148755569336522,177.008206080161,-514.604980565328,514.634731679196
"dat12_24","dr","CO",3,15.8116046255921,191.048392279097,-539.627594066325,571.250803317509
"dat12_24","dr","CO",4,30.9795922841842,69.2848554716896,-170.453794019644,232.412978588012
"dat12_24","dr","CO",5,27.7329426953212,102.613339601943,-270.597079576427,326.06296496707
"dat12_24","dr","CO",6,44.6815304561626,108.540594429338,-270.880930322379,360.243991234704
"dat12_24","dr","CO",7,23.5209704942116,86.0266228692636,-226.586124900088,273.628065888511
"dat12_24","dr","CO",8,23.1763932432465,112.405584378454,-303.62283794032,349.975624426813
"dat12_24","dr","CO",9,15.3401318628316,122.022538659867,-339.4186823154,370.098946041063
"dat12_24","dr","CO",10,10.7690367003666,162.443057877117,-461.50524325547,483.043316656203
"dat12_24","dr","CO",11,2.0687935656225,128.342498710282,-371.064179663574,375.201766794819
"dat12_24","dr","CO",12,4.53137070881703,197.598560499463,-569.951276316872,579.014017734506
"dat12_24","dr","CO",13,-9.47644782362506,57.45122212589,-176.505651266795,157.552755619544
"dat12_24","dr","CO",14,18.9246131937512,138.307652459852,-383.180271012939,421.029497400441
"dat12_24","dr","CO",15,16.5164389033698,164.659192515088,-462.200858095551,495.23373590229
"dat12_24","dr","CO",16,19.3439012681037,187.176275520211,-524.837807087777,563.525609623984
"dat12_24","dr","CO",17,23.8819082982614,185.915433872695,-516.634127365904,564.397943962427
"dat12_24","dr","CO",18,82.6574157837679,442.997187697212,-1205.27806497052,1370.59289653806
"dat12_24","dr","CO",19,46.4629127253938,446.757255283304,-1252.404295337,1345.33012078778
"dat12_24","dr","CO",20,45.9876044976238,482.319583432262,-1356.27074344842,1448.24595244367
"dat12_24","dr","CO",21,44.0261203988447,355.571727710731,-989.735395001032,1077.78763579872
"dat12_24","dr","CO",22,15.4946347851325,167.604937851489,-471.786892510008,502.776162080273
"dat12_24","dr","CO",23,1.64371294770817,102.872466875233,-297.439675752926,300.727101648343
"dat12_24","dr","CO",24,-1.12720993809621,179.516515152602,-523.039528271885,520.785108395693
"dat12_24","dr","CO",25,-10.4466562087616,168.433803845359,-500.13796386356,479.244651446037
"dat12_24","dr","CO",26,6.9590630560774,261.279243631922,-752.663836600345,766.5819627125
"dat12_24","dr","CO",27,27.649258206761,341.513323172116,-965.239948043255,1020.53846445678
"dat12_24","dr","CO",28,33.0089589659191,345.115575556579,-970.353154980639,1036.37107291248
"dat12_24","dr","CO",29,48.689314384482,343.936913243592,-951.246048659628,1048.62467742859
"dat12_24","dr","CO",30,46.6850067261043,383.445022053765,-1068.11315122338,1161.48316467559
"dat12_24","dr","CO",31,55.2467714464792,309.186085399468,-843.656744423415,954.150287316374
"dat12_24","dr","CO",32,47.7213094753996,383.523160902454,-1067.30402326988,1162.74664222068
"dat12_24","dr","CO",33,18.7324873591008,336.512541344358,-959.617835741427,997.082810459628
"dat12_24","dr","CO",34,-0.167964234488669,174.771554597576,-508.285154239439,507.949225770461
"dat12_24","dr","CO",35,-9.84294494954743,217.059942566928,-640.906096694685,621.22020679559
"dat12_24","dr","CO",36,-3.17562017543682,264.98599662878,-773.575244460433,767.224004109559
"dat12_24","dr","CO",37,-7.03890013028053,209.118794685422,-615.014577736645,600.936777476084
"dat12_24","dr","CO",38,21.2205464851464,295.754066153025,-838.631763990885,881.072856961178
"dat12_24","dr","CO",39,21.3189329578847,336.636796751957,-957.392640625867,1000.03050654164
"dat12_24","dr","CO",40,41.3671823184027,349.272400306492,-974.080159777168,1056.81452441397
"dat12_24","dr","CO",41,47.8292311799416,293.723307550086,-806.11901008254,901.777472442423
"dat12_24","dr","CO",42,27.3602221015824,334.113189785026,-944.014413365058,998.734857568223
"dat12_24","dr","CO",43,-3.72962440013234,338.737564509508,-988.54880635458,981.089557554315
"dat12_24","dr","CO",44,17.6778655371004,346.603785353371,-990.010953529321,1025.36668460352
"dat12_24","dr","CO",45,29.5712395554649,367.509950427561,-1038.89853368703,1098.04101279796
"dat12_24","dr","CO",46,5.97441170923909,218.554216362658,-629.433075153432,641.381898571911
"dat12_24","dr","CO",47,0.245724146239456,221.330517502044,-643.233364166682,643.724812459161
"dat12_24","dr","CO",48,7.62514403476258,249.197691349063,-716.872792574901,732.123080644426
"dat12_24","dr","CO",49,-0.95372838748952,218.781678329242,-637.022520435434,635.115063660455
"dat12_24","dr","CO",50,26.8091367801566,315.116080149633,-889.334783434346,942.953056994659
"dat12_24","dr","CO",51,35.4763762043099,276.557374248772,-768.564969093553,839.517721502173
"dat12_24","dr","CO",52,28.9135066592528,309.043658089164,-869.57592715445,927.402940472955
"dat12_24","dr","CO",53,24.8788317405777,349.571392346716,-991.437776498799,1041.19543997995
"dat12_24","dr","CO",54,49.5052604993712,370.145772810075,-1026.6276972095,1125.63821820824
"dat12_24","dr","CO",55,34.9638695188955,315.306642041843,-881.734075481933,951.661814519724
"dat12_24","dr","CO",56,29.5003730405015,369.48366509961,-1044.70762433889,1103.70837041989
"dat12_24","dr","CO",57,12.4253233063,304.939796608327,-874.132863637088,898.983510249688
"dat12_24","dr","CO",58,18.3969415071688,170.019411767605,-475.904238982809,512.698121997146
"dat12_24","dr","CO",59,24.5471419689217,140.731061725112,-384.603373369969,433.697657307812
"dat12_24","dr","CO",60,21.6232829105395,161.26488678348,-447.225674275683,490.472240096762
"dat12_24","dr","SO2",-48,0.0614654967105462,1.27345116756948,-3.64674155557537,3.76967254899647
"dat12_24","dr","SO2",-47,-0.0613375423876658,3.68581491140547,-10.7941910635641,10.6715159787888
"dat12_24","dr","SO2",-46,0.0116701866751566,2.5386153796261,-7.38061284192194,7.40395321527226
"dat12_24","dr","SO2",-45,-0.15363354412733,1.31895579930083,-3.99434712716618,3.68708003891152
"dat12_24","dr","SO2",-44,-0.863857220787843,2.5745743162222,-8.36085033617444,6.63313589459875
"dat12_24","dr","SO2",-43,-0.610993967648186,5.78244550475054,-17.4490995395331,16.2271116042368
"dat12_24","dr","SO2",-42,-0.665842559505855,3.73528721318154,-11.54275620879,10.2110710897783
"dat12_24","dr","SO2",-41,-0.376673051974982,1.95286822759895,-6.06329843517599,5.30995233122603
"dat12_24","dr","SO2",-40,0.00710230099584625,0.392333695296788,-1.13534792622857,1.14955252822026
"dat12_24","dr","SO2",-39,-0.0522263037253644,1.84517464421519,-5.42525496994207,5.32080236249134
"dat12_24","dr","SO2",-38,-0.175981832626319,2.25792042776628,-6.75089940070539,6.39893573545275
"dat12_24","dr","SO2",-37,-0.0592003395638769,2.49999964598898,-7.33903686102427,7.22063618189652
"dat12_24","dr","SO2",-36,-0.34328370167437,1.32520699890981,-4.20220037177739,3.51563296842865
"dat12_24","dr","SO2",-35,-0.161970274067328,1.49334013317573,-4.51047970601752,4.18653915788286
"dat12_24","dr","SO2",-34,-0.282864790440434,2.94017522574593,-8.84446399795192,8.27873441707106
"dat12_24","dr","SO2",-33,0.0794973530853433,2.76973492701207,-7.98579077956576,8.14478548573644
"dat12_24","dr","SO2",-32,0.0456838282694018,12.0948195439889,-35.173644773664,35.2650124302028
"dat12_24","dr","SO2",-31,-0.202446563176132,10.5465018903318,-30.9131747659059,30.5082816395536
"dat12_24","dr","SO2",-30,-0.915935646972478,4.65823940419423,-14.4804261039077,12.6485548099628
"dat12_24","dr","SO2",-29,-0.140054894753501,4.30168023839972,-12.6662682297792,12.3861584402722
"dat12_24","dr","SO2",-28,0.134472497433612,2.32551107989882,-6.63726465767749,6.90620965254472
"dat12_24","dr","SO2",-27,0.277972116255237,1.73173491186032,-4.76472742055274,5.32067165306321
"dat12_24","dr","SO2",-26,-0.013067208299474,2.06962919805176,-6.03969295043945,6.0135585338405
"dat12_24","dr","SO2",-25,-0.137532692477673,1.68547686741966,-5.04553180967931,4.77046642472396
"dat12_24","dr","SO2",-24,-0.051666683732259,3.32508432425334,-9.73409617506092,9.63076280759641
"dat12_24","dr","SO2",-23,-0.915911931596223,3.20384745274597,-10.2453075309549,8.41348366776249
"dat12_24","dr","SO2",-22,-0.0574923382747683,1.20237296390141,-3.55872428007508,3.44373960352554
"dat12_24","dr","SO2",-21,-0.20434730500014,4.35236394611468,-12.8781483035115,12.4694536935112
"dat12_24","dr","SO2",-20,-0.41171492156118,3.03877076729834,-9.26041793942639,8.43698809630403
"dat12_24","dr","SO2",-19,0.204795619361483,3.18371944861047,-9.06598853985371,9.47557977857668
"dat12_24","dr","SO2",-18,-0.0752469371315445,5.70810796477236,-16.6968864229845,16.5463925487214
"dat12_24","dr","SO2",-17,-0.00218104172937899,2.14913703651931,-6.26032844314119,6.25596635968244
"dat12_24","dr","SO2",-16,0.367567716151308,1.2253149400606,-3.20046976947621,3.93560520177882
"dat12_24","dr","SO2",-15,0.236225453241138,1.01985904433912,-2.73353781437908,3.20598872086136
"dat12_24","dr","SO2",-14,0.0306981372038129,1.83938778475977,-5.32547957030349,5.38687584471111
"dat12_24","dr","SO2",-13,-0.0737563179164411,1.22426313707218,-3.63873102158686,3.49121838575398
"dat12_24","dr","SO2",-12,-0.00889165990163882,0.91291416499394,-2.66723838804781,2.64945506824453
"dat12_24","dr","SO2",-11,0.0560856840321551,0.690800923586148,-1.95548171784706,2.06765308591137
"dat12_24","dr","SO2",-10,-0.00785072184010077,1.31730393297241,-3.84375417746731,3.82805273378711
"dat12_24","dr","SO2",-9,0.445587304819163,0.243095185119946,-0.262290078150339,1.15346468778866
"dat12_24","dr","SO2",-8,-0.182345448219337,2.18513492914842,-6.54531637385744,6.18062547741876
"dat12_24","dr","SO2",-7,-0.401703271479646,3.07251868643979,-9.34867803697626,8.54527149401697
"dat12_24","dr","SO2",-6,0.279310518832143,1.43082025531504,-3.88714509127141,4.4457661289357
"dat12_24","dr","SO2",-5,0.107941525865337,3.71396695924247,-10.7068889293185,10.9227719810492
"dat12_24","dr","SO2",-4,0.16462928151363,2.08961038624298,-5.92018038228008,6.24943894530734
"dat12_24","dr","SO2",-3,0.017121628648589,0.291003962656458,-0.830263001439281,0.864506258736459
"dat12_24","dr","SO2",-2,0.0506800992638544,0.148108036694364,-0.380600879667205,0.481961078194914
"dat12_24","dr","SO2",0,-0.192770332200786,0.401512412875391,-1.36194838858953,0.976407724187962
"dat12_24","dr","SO2",1,-0.196262937462128,0.78958410767099,-2.49548055255667,2.10295467763241
"dat12_24","dr","SO2",2,-0.221493028886888,0.580666115895754,-1.91235502722938,1.46936896945561
"dat12_24","dr","SO2",3,-0.0473630776623071,2.15815599646611,-6.33177310439557,6.23704694907096
"dat12_24","dr","SO2",4,0.0170031628883742,3.29708380334346,-9.58389063099859,9.61789695677533
"dat12_24","dr","SO2",5,0.134827707427465,2.33524330732652,-6.66524906156199,6.93490447641692
"dat12_24","dr","SO2",6,0.197582742990719,3.97320785464329,-11.3721403543673,11.7673058403487
"dat12_24","dr","SO2",7,0.216786838546292,4.50630934942431,-12.9052931711731,13.3388668482656
"dat12_24","dr","SO2",8,0.122458496451924,1.8949856134162,-5.39561647540753,5.64053346831137
"dat12_24","dr","SO2",9,0.130539689889064,2.25781929931275,-6.44408339870455,6.70516277848268
"dat12_24","dr","SO2",10,0.161262237795564,3.51387880332589,-10.0709245089021,10.3934489844932
"dat12_24","dr","SO2",11,0.0699051721311374,2.01367109240911,-5.79377420248326,5.93358454674553
"dat12_24","dr","SO2",12,0.0174290861592599,2.54921989936321,-7.40573361484043,7.44059178715895
"dat12_24","dr","SO2",13,-0.0093742386805074,1.12355680984327,-3.28109866126414,3.26235018390313
"dat12_24","dr","SO2",14,0.011681965609565,0.885121606482831,-2.56573463808695,2.58909856930608
"dat12_24","dr","SO2",15,0.0853263699552395,1.92628179104606,-5.52388103756575,5.69453377747623
"dat12_24","dr","SO2",16,0.249302962454059,1.87190140569187,-5.20155229650254,5.70015822141066
"dat12_24","dr","SO2",17,0.165629086794496,1.60002882701458,-4.49355088908199,4.82480906267098
"dat12_24","dr","SO2",18,0.506224961976719,4.50341821251965,-12.6074362449397,13.6198861688931
"dat12_24","dr","SO2",19,0.240430613981614,3.14627624090311,-8.92132135741468,9.40218258537791
"dat12_24","dr","SO2",20,0.349316660860306,3.89656787411991,-10.9972357932085,11.6958691149291
"dat12_24","dr","SO2",21,0.339717319545011,3.26790044248374,-9.17619642382619,9.85563106291621
"dat12_24","dr","SO2",22,-0.0432437544528174,2.24731982096394,-6.58729304434109,6.50080553543546
"dat12_24","dr","SO2",23,-0.10862908582305,1.47188923799546,-4.39467490486756,4.17741673322146
"dat12_24","dr","SO2",24,-0.199947404569136,1.59635285254507,-4.84842318165182,4.44852837251355
"dat12_24","dr","SO2",25,-0.106762576985267,2.97675520368162,-8.77488030331243,8.5613551493419
"dat12_24","dr","SO2",26,-0.156646087446793,3.84286036662768,-11.3468057695623,11.0335135946687
"dat12_24","dr","SO2",27,-0.0490033793954567,4.32857733235096,-12.653539304259,12.555532545468
"dat12_24","dr","SO2",28,-0.109917750638598,6.22616790424215,-18.2401141171729,18.0202786158957
"dat12_24","dr","SO2",29,0.15094309783319,4.32683765961957,-12.4485270130788,12.7504132087452
"dat12_24","dr","SO2",30,0.0430716249565927,4.82325611675109,-14.0019367763112,14.0880800262244
"dat12_24","dr","SO2",31,0.0932284367897439,4.00971078539999,-11.5827888230051,11.7692456965846
"dat12_24","dr","SO2",32,0.0987857847244484,5.53604878398018,-16.0218285469077,16.2194001163566
"dat12_24","dr","SO2",33,0.116490577198034,4.45059779395252,-12.8433610030727,13.0763421574688
"dat12_24","dr","SO2",34,-0.134418981956745,3.78610045570353,-11.1592974916675,10.890459527754
"dat12_24","dr","SO2",35,-0.286026393074033,3.51594349618254,-10.5242253912084,9.95217260506038
"dat12_24","dr","SO2",36,-0.14877753637556,3.38003263941305,-9.99121295095871,9.69365787820759
"dat12_24","dr","SO2",37,-0.194474941606341,3.25719398340777,-9.6792121718441,9.29026228863141
"dat12_24","dr","SO2",38,-0.164494302251299,3.05149446973262,-9.05024791483074,8.72125931032814
"dat12_24","dr","SO2",39,-0.117199010477111,3.26834674837085,-9.63441236759103,9.40001434663681
"dat12_24","dr","SO2",40,-0.14602131167669,4.40597947942187,-12.9759472592909,12.6839046359375
"dat12_24","dr","SO2",41,0.0355494577781796,4.32508763229884,-12.558824687291,12.6299236028474
"dat12_24","dr","SO2",42,-0.126939328987671,3.68632122810624,-10.8612672114968,10.6073885535215
"dat12_24","dr","SO2",43,-0.27235916291456,3.2160692615848,-9.63734387545015,9.09262554962103
"dat12_24","dr","SO2",44,-0.217284425809144,4.85773725513635,-14.3626996615024,13.9281308098841
"dat12_24","dr","SO2",45,-0.1371903783603,4.47356462873913,-13.163919889166,12.8895391324454
"dat12_24","dr","SO2",46,-0.30580892125121,3.26636961225381,-9.8172649864648,9.20564714396238
"dat12_24","dr","SO2",47,-0.31911163310891,3.68463682237801,-11.0485346355886,10.4103113693707
"dat12_24","dr","SO2",48,-0.282327566101502,4.41166493319348,-13.1288091856631,12.5641540534601
"dat12_24","dr","SO2",49,-0.267228442717321,4.25839440004487,-12.6673962291274,12.1329393436927
"dat12_24","dr","SO2",50,-0.148003796097498,4.400465564894,-12.9618735828956,12.6658659907006
"dat12_24","dr","SO2",51,0.14796482753896,4.24151704983726,-12.2030572117411,12.498986866819
"dat12_24","dr","SO2",52,0.182488136957732,3.61802734120684,-10.3529723845738,10.7179486584893
"dat12_24","dr","SO2",53,0.22235440431634,3.85477688489097,-11.0025054046575,11.4472142132902
"dat12_24","dr","SO2",54,0.226217869725318,4.0162613288863,-11.4688741470535,11.9213098865041
"dat12_24","dr","SO2",55,0.0240830152786819,3.97094955516336,-11.539064060736,11.5872300912933
"dat12_24","dr","SO2",56,0.036751486785079,4.93356496484807,-14.3294691123745,14.4029720859446
"dat12_24","dr","SO2",57,0.0294843557109692,4.15400253493201,-12.066701102777,12.125669814199
"dat12_24","dr","SO2",58,0.106062063430016,2.96189810283577,-8.51879275063467,8.73091687749471
"dat12_24","dr","SO2",59,-0.141821729434632,1.91703899443326,-5.7241147138075,5.44047125493823
"dat12_24","dr","SO2",60,-0.114593263967275,2.41446051388503,-7.14534539099446,6.91615886305991
"dat12_24","dr","O3",-48,2.87730212984395,10.6548226205138,-28.6766929222332,34.4312971819211
"dat12_24","dr","O3",-47,0.159532384286486,10.9471604602841,-32.2602139879382,32.5792787565111
"dat12_24","dr","O3",-46,-0.453345809487891,14.6595460648857,-43.867230814623,42.9605391956472
"dat12_24","dr","O3",-45,-1.2587907218326,4.37283392909102,-14.2088308188342,11.691249375169
"dat12_24","dr","O3",-44,-0.666092529002148,10.2177051461858,-30.925574935175,29.5933898771707
"dat12_24","dr","O3",-43,-0.756830351440393,9.69577871736439,-29.4706404795153,27.9569797766345
"dat12_24","dr","O3",-42,-0.370587082270511,9.12824593810038,-27.4036628474561,26.662488682915
"dat12_24","dr","O3",-41,-1.08173399671543,7.22710020519666,-22.4846134474335,20.3211454540026
"dat12_24","dr","O3",-40,-0.921219148333697,12.9257163378148,-39.2004100738315,37.3579717771641
"dat12_24","dr","O3",-39,-0.26451143800796,5.66487556430145,-17.0409010498306,16.5118781738147
"dat12_24","dr","O3",-38,0.127525277628354,3.33088009282805,-9.73679416827247,9.99184472352918
"dat12_24","dr","O3",-37,0.604189689828132,7.54206287178865,-21.7314439490355,22.9398233286918
"dat12_24","dr","O3",-36,0.707540181277616,6.42611918105009,-18.3232536728142,19.7383340353694
"dat12_24","dr","O3",-35,0.791676955330666,15.4342043788305,-44.9163395877809,46.4996934984423
"dat12_24","dr","O3",-34,-0.435087636280366,12.7299348281074,-38.134476437555,37.2643011649943
"dat12_24","dr","O3",-33,-0.589834050033954,7.37538518693727,-22.4318558259496,21.2521877258817
"dat12_24","dr","O3",-32,-0.941638149796472,27.586761700676,-82.639154214497,80.7558779149041
"dat12_24","dr","O3",-31,0.289112759051497,18.447773297014,-54.3435139929975,54.9217395111005
"dat12_24","dr","O3",-30,1.65586040008564,21.7922848599972,-62.8814550613564,66.1931758615276
"dat12_24","dr","O3",-29,-0.559302336492491,9.09225979729802,-27.485806031052,26.367201358067
"dat12_24","dr","O3",-28,-0.135493095992727,15.3935650798649,-45.7231573550587,45.4521711630733
"dat12_24","dr","O3",-27,-0.728992066900234,5.81008933872264,-17.9354286990043,16.4774445652039
"dat12_24","dr","O3",-26,-0.0651388250273855,4.94394392418268,-14.7065071215823,14.5762294715275
"dat12_24","dr","O3",-25,1.24544657418942,9.84932633384895,-27.9230910424017,30.4139841907805
"dat12_24","dr","O3",-24,-0.144799164894453,3.78760269827418,-11.3616913701646,11.0720930403757
"dat12_24","dr","O3",-23,-0.29439430353994,18.8447503023392,-56.1026586901097,55.5138700830299
"dat12_24","dr","O3",-22,0.120171604986149,9.38917004390687,-27.6856244800792,27.9259676900515
"dat12_24","dr","O3",-21,-0.391936560583751,2.46787835891779,-7.70049760377687,6.91662448260937
"dat12_24","dr","O3",-20,0.160062985919654,11.7421712938245,-34.6140884103344,34.9342143821737
"dat12_24","dr","O3",-19,-0.268307469040556,4.61576016262356,-13.9377676299808,13.4011526918997
"dat12_24","dr","O3",-18,-1.52329833419608,14.3815211889316,-44.1138195093864,41.0672228409943
"dat12_24","dr","O3",-17,-0.0239354360985529,13.0645187109074,-38.7141861745815,38.6663153023844
"dat12_24","dr","O3",-16,0.346961414356007,2.87428675868832,-8.16516810596899,8.859090934681
"dat12_24","dr","O3",-15,0.816432723093212,1.22548396296901,-2.81280788289063,4.44567332907705
"dat12_24","dr","O3",-14,0.987039343713678,3.44093261520867,-9.20319793961608,11.1772766270434
"dat12_24","dr","O3",-13,0.7213096215156,3.49932558207684,-9.64185699656318,11.0844762395944
"dat12_24","dr","O3",-12,0.770277066229091,5.11234723439297,-14.369813490319,15.9103676227772
"dat12_24","dr","O3",-11,1.29756298299671,4.20255289961724,-11.14819403461,13.7433200006035
"dat12_24","dr","O3",-10,1.18752055300166,6.81597666594282,-18.9978266510104,21.3728677570137
"dat12_24","dr","O3",-9,-0.444171071236472,3.8703542986848,-11.9061301052008,11.0177879627278
"dat12_24","dr","O3",-8,0.783821430356314,5.79549829658536,-16.3794041894389,17.9470470501515
"dat12_24","dr","O3",-7,2.81115149790804,5.96569761625135,-14.8561152196965,20.4784182155126
"dat12_24","dr","O3",-6,-0.436635814383388,3.81051814611207,-11.7213915546411,10.8481199258743
"dat12_24","dr","O3",-5,-0.337213867881311,4.41050211013738,-13.3988073563086,12.7243796205459
"dat12_24","dr","O3",-4,-0.0236931876210383,6.04232012024075,-17.9178755656613,17.8704891904192
"dat12_24","dr","O3",-3,-0.55440393645883,2.62911374210648,-8.34045960012179,7.23165172720413
"dat12_24","dr","O3",-2,-0.16129705587129,1.77150153571681,-5.40755526998124,5.08496115823866
"dat12_24","dr","O3",0,0.332163660535232,3.29616116058845,-9.42933652172131,10.0936638427918
"dat12_24","dr","O3",1,1.92616471279523,3.41560940151162,-8.18907849619291,12.0414079217834
"dat12_24","dr","O3",2,1.36587902004819,5.62125381042177,-15.2813258408775,18.0130838809739
"dat12_24","dr","O3",3,1.18874528543393,1.97718674531771,-4.666644616475,7.04413518734286
"dat12_24","dr","O3",4,1.44535098655644,1.30110958617964,-2.40785304196287,5.29855501507575
"dat12_24","dr","O3",5,1.84297365824619,5.43209995520092,-14.2440567141593,17.9300040306516
"dat12_24","dr","O3",6,0.777422582840067,4.03034125782587,-11.1583338944918,12.7131790601719
"dat12_24","dr","O3",7,0.343496785682671,3.7928514610139,-10.8889395013068,11.5759330726722
"dat12_24","dr","O3",8,0.548983603622633,3.7440990142602,-10.539073511753,11.6370407189982
"dat12_24","dr","O3",9,0.651736280431452,9.41663598981196,-27.2353995276923,28.5388720885552
"dat12_24","dr","O3",10,0.863040996335126,7.71864290036878,-21.9955300528037,23.721612045474
"dat12_24","dr","O3",11,1.08542469282835,7.45695059982983,-20.9981510466303,23.169000432287
"dat12_24","dr","O3",12,1.76377142560239,1.92637206465483,-3.94113204970735,7.46867490091212
"dat12_24","dr","O3",13,1.75269014652087,1.51609637488049,-2.73719196745694,6.24257226049867
"dat12_24","dr","O3",14,0.79185163471457,6.19808241470175,-17.5636169461818,19.1473202156109
"dat12_24","dr","O3",15,0.798032214865713,6.68344110109651,-18.9948141746013,20.5908786043327
"dat12_24","dr","O3",16,0.185694314394094,3.59486552933105,-10.4604115069269,10.8318001357151
"dat12_24","dr","O3",17,0.179887302661987,7.6866410493317,-22.583911051966,22.94368565729
"dat12_24","dr","O3",18,0.415146900605705,18.1942123875524,-53.4665654563836,54.296859257595
"dat12_24","dr","O3",19,1.61095320696128,13.3617917370733,-37.9596642847603,41.1815706986828
"dat12_24","dr","O3",20,2.35603292588054,1.49869029941849,-2.08230152385491,6.794367375616
"dat12_24","dr","O3",21,2.46098620250999,4.47053004430561,-10.7783785361006,15.7003509411206
"dat12_24","dr","O3",22,2.92256205058469,6.80688123339169,-17.2358492537004,23.0809733548698
"dat12_24","dr","O3",23,4.50690329723409,3.64221316247156,-6.2794213747477,15.2932279692159
"dat12_24","dr","O3",24,4.93367841422571,6.77465177856874,-15.1292861525364,24.9966429809878
"dat12_24","dr","O3",25,1.39491349606137,4.04237014882984,-10.5764662460342,13.366293238157
"dat12_24","dr","O3",26,1.3717235649793,10.5030913908653,-29.7329231835082,32.4763703134668
"dat12_24","dr","O3",27,-0.340693080099702,7.60723150980492,-22.8693220371169,22.1879358769175
"dat12_24","dr","O3",28,-0.277206298699899,7.90242237231627,-23.6800357325198,23.12562313512
"dat12_24","dr","O3",29,0.143657482006931,13.1404575868555,-38.7714843692867,39.0587993333005
"dat12_24","dr","O3",30,0.978692401850983,8.59601487437802,-24.4781941625004,26.4355789662024
"dat12_24","dr","O3",31,0.848248650764089,7.19199975913129,-20.450681692501,22.1471789940292
"dat12_24","dr","O3",32,0.546021163092882,4.4380702890905,-12.5972148090494,13.6892571352351
"dat12_24","dr","O3",33,1.75232048374974,1.74702867101403,-3.42146194364418,6.92610291114367
"dat12_24","dr","O3",34,1.44325078485183,3.62505234612779,-9.29225255173218,12.1787541214358
"dat12_24","dr","O3",35,3.50390962065431,4.53347949902655,-9.92187837937892,16.9296976206875
"dat12_24","dr","O3",36,6.06248362864369,2.36255077457289,-0.934152364866528,13.0591196221539
"dat12_24","dr","O3",37,3.21462276065027,3.10960020351654,-5.99438173716156,12.4236272584621
"dat12_24","dr","O3",38,1.39223071534462,3.2506663930624,-8.23453783218266,11.0189992628719
"dat12_24","dr","O3",39,-0.350896697204033,4.90241311704914,-14.8692725302075,14.1674791357994
"dat12_24","dr","O3",40,0.624527959340234,6.28396127249606,-17.9852687460528,19.2343246647333
"dat12_24","dr","O3",41,0.855083154144687,8.23811151194335,-23.5418814077848,25.2520477160742
"dat12_24","dr","O3",42,2.49309019059738,3.7909531728898,-8.73372436281584,13.7199047440106
"dat12_24","dr","O3",43,-0.389954544665611,6.30437363909423,-19.0602019715375,18.2802928822063
"dat12_24","dr","O3",44,-0.211239739019986,2.74240111984419,-8.33279318466537,7.9103137066254
"dat12_24","dr","O3",45,2.1976012743762,2.41782080723589,-4.9627155610674,9.3579181098198
"dat12_24","dr","O3",46,1.5729610574363,2.83926199330746,-6.8354434819209,9.98136559679351
"dat12_24","dr","O3",47,2.84102875551462,4.03198811217326,-9.09960484044981,14.7816623514791
"dat12_24","dr","O3",48,4.26128022369596,2.2044590798693,-2.26717110544948,10.7897315528414
"dat12_24","dr","O3",49,3.24829809097984,3.28141282677797,-6.46952526354741,12.9661214455071
"dat12_24","dr","O3",50,2.09726922457351,3.52635393649673,-8.34594120014632,12.5404796492933
"dat12_24","dr","O3",51,-0.218871912031249,10.3682198931082,-30.924100038129,30.4863562140665
"dat12_24","dr","O3",52,0.245003461063695,7.67838059608565,-22.4943317645065,22.9843386866339
"dat12_24","dr","O3",53,0.789381984629055,15.7214585828629,-45.769330816464,47.3480947857221
"dat12_24","dr","O3",54,2.78218726566156,9.70545425153967,-25.9602767188281,31.5246512501512
"dat12_24","dr","O3",55,2.34799350196359,5.23986665171366,-13.1697426716437,17.8657296755709
"dat12_24","dr","O3",56,1.94756207767985,8.2661504676587,-22.5324391617635,26.4275633171232
"dat12_24","dr","O3",57,2.43448979134463,3.83751360799262,-8.93021234510806,13.7991919277973
"dat12_24","dr","O3",58,2.76810954599142,1.40563710735701,-1.39465016482394,6.93086925680679
"dat12_24","dr","O3",59,3.91653965288106,3.70852452902807,-7.06616449971188,14.899243805474
"dat12_24","dr","O3",60,6.98692876593626,7.0144949723761,-13.7863255184698,27.7601830503423
"dat12_24","dr","PM10",-48,2.27096767047932,12.0491326044031,-33.2364038407555,37.7783391817142
"dat12_24","dr","PM10",-47,0.161717658868086,20.8092709725238,-61.160747580609,61.4841828983452
"dat12_24","dr","PM10",-46,1.46275823506552,21.6265816809224,-62.2682251870912,65.1937416572222
"dat12_24","dr","PM10",-45,-0.293227148581534,3.41779991416085,-10.3650800601205,9.77862576295742
"dat12_24","dr","PM10",-44,-0.941795682142285,15.4144231595912,-46.3662812222037,44.4826898579191
"dat12_24","dr","PM10",-43,-0.613947259825938,9.80633135358329,-29.5120482240988,28.284153704447
"dat12_24","dr","PM10",-42,-1.12342411738638,30.9419566336654,-92.3057179428019,90.0588697080292
"dat12_24","dr","PM10",-41,-0.0532334220021281,15.6368170680341,-46.1330875589724,46.0266207149682
"dat12_24","dr","PM10",-40,2.38407114350463,18.6739247257326,-52.6457807619446,57.4139230489539
"dat12_24","dr","PM10",-39,-1.18074822187036,20.447901977108,-61.4383016876833,59.0768052439426
"dat12_24","dr","PM10",-38,-0.175467268308148,14.8499728418855,-43.9365843495406,43.5856498129243
"dat12_24","dr","PM10",-37,-0.0651371969050994,21.8500381799208,-64.4546205449098,64.3243461510996
"dat12_24","dr","PM10",-36,0.992810224350675,8.67635709188643,-24.5753899723316,26.5610104210329
"dat12_24","dr","PM10",-35,4.57716176298487,14.0950321322052,-36.9592341596655,46.1135576856353
"dat12_24","dr","PM10",-34,0.230067793144179,7.62373274703423,-22.2361727105408,22.6963082968292
"dat12_24","dr","PM10",-33,-0.26384651610587,26.354743055625,-77.928163399568,77.4004703673562
"dat12_24","dr","PM10",-32,-0.709363243258589,33.4932370861083,-99.4099794100796,97.9912529235624
"dat12_24","dr","PM10",-31,-2.77836331544665,22.9863415220323,-70.5163984839424,64.9596718530491
"dat12_24","dr","PM10",-30,-2.21058209643283,6.27310910997528,-20.6966941686834,16.2755299758178
"dat12_24","dr","PM10",-29,1.63330679092845,12.9065932772517,-36.4009001089371,39.667513690794
"dat12_24","dr","PM10",-28,-0.328280844680405,22.0502664226314,-65.3078131891059,64.6512514997451
"dat12_24","dr","PM10",-27,1.82036259648387,10.6798466716236,-29.651884900717,33.2926100936847
"dat12_24","dr","PM10",-26,0.839890062048558,1.51071050683837,-3.61199547804698,5.2917756021441
"dat12_24","dr","PM10",-25,1.24552371338229,9.14115246495725,-25.6923735835126,28.1834210102772
"dat12_24","dr","PM10",-24,0.608797005708985,14.8789130917999,-43.2376035759275,44.4551975873455
"dat12_24","dr","PM10",-23,3.16580992688269,26.2145493548473,-74.0853726687858,80.4169925225511
"dat12_24","dr","PM10",-22,0.258539555187821,17.4852619399372,-51.2684634297181,51.7855425400937
"dat12_24","dr","PM10",-21,-0.658383557974205,11.9455485456708,-35.8605050751387,34.5437379591903
"dat12_24","dr","PM10",-20,-1.62436134651574,15.117661256846,-46.1743245888223,42.9256018957908
"dat12_24","dr","PM10",-19,-0.800144506035329,30.8613745390799,-91.7449724105801,90.1446833985094
"dat12_24","dr","PM10",-18,1.40931452060688,16.889227318242,-48.3612447898097,51.1798738310234
"dat12_24","dr","PM10",-17,0.137700810252731,7.17954559860232,-21.0195725986453,21.2949742191508
"dat12_24","dr","PM10",-16,0.0807342150003608,3.56449119528361,-10.4234005866376,10.5848690166383
"dat12_24","dr","PM10",-15,-0.452936594586424,4.94900169486646,-15.0370604115274,14.1311872223545
"dat12_24","dr","PM10",-14,-0.428194505946958,5.16627522377907,-15.6525977657283,14.7962087538344
"dat12_24","dr","PM10",-13,0.696675061291933,3.31224588859993,-9.06412259646646,10.4574727190503
"dat12_24","dr","PM10",-12,0.0589422897740911,15.5270443303712,-45.6974245468258,45.815309126374
"dat12_24","dr","PM10",-11,-0.141266734266982,9.49147409333323,-28.1115205181858,27.8289870496518
"dat12_24","dr","PM10",-10,0.081871536984667,24.5407409702217,-72.236795324746,72.4005383987153
"dat12_24","dr","PM10",-9,0.896737006397191,28.3783929553751,-82.7310372609466,84.524511273741
"dat12_24","dr","PM10",-8,-0.494725009020891,11.0902427892005,-33.1763614217561,32.1869114037143
"dat12_24","dr","PM10",-7,-2.62951692497071,7.35629199638038,-24.3076411050591,19.0486072551177
"dat12_24","dr","PM10",-6,1.46234520475693,6.04066803365836,-16.338790452823,19.2634808623368
"dat12_24","dr","PM10",-5,1.38228460207188,6.12222210771572,-16.6591812851505,19.4237504892943
"dat12_24","dr","PM10",-4,0.584508444465832,15.2452986839196,-44.3415872291648,45.5106041180964
"dat12_24","dr","PM10",-3,-1.53906045580727,5.1805751959429,-16.8056040455934,13.7274831339789
"dat12_24","dr","PM10",-2,-0.546886810408875,1.00921809531972,-3.52093340968715,2.4271597888694
"dat12_24","dr","PM10",0,-0.303899495617599,12.8028975625248,-38.0325273643763,37.4247283731411
"dat12_24","dr","PM10",1,0.583594466379273,16.1123688219199,-46.8976545553873,48.0648434881458
"dat12_24","dr","PM10",2,0.354996826561586,20.5737954944516,-60.2735499744514,60.9835436275746
"dat12_24","dr","PM10",3,0.768662671609047,9.84784284914852,-28.2517677700972,29.7890931133153
"dat12_24","dr","PM10",4,1.76954169235795,6.96893182403844,-18.7670777836512,22.3061611683671
"dat12_24","dr","PM10",5,2.39148825259677,11.8414294883057,-32.5038066926772,37.2867831978707
"dat12_24","dr","PM10",6,4.05912182162897,11.2691121215367,-29.1496213998495,37.2678650431074
"dat12_24","dr","PM10",7,2.29762042633617,12.2945227018198,-33.9328867362542,38.5281275889265
"dat12_24","dr","PM10",8,2.25219819567131,14.0697298978464,-39.2096350289877,43.7140314203303
"dat12_24","dr","PM10",9,0.994240806978952,8.47844062376276,-23.9907229201096,25.9792045340675
"dat12_24","dr","PM10",10,1.46518531744526,6.63044590489191,-18.0739561095576,21.0043267444481
"dat12_24","dr","PM10",11,0.68725255525028,19.5542246173499,-56.9367392206103,58.3112443311109
"dat12_24","dr","PM10",12,0.936146091761676,3.3392558189613,-8.90424664253222,10.7765388260556
"dat12_24","dr","PM10",13,1.2515428715909,11.7760697297271,-33.451144580187,35.9542303233688
"dat12_24","dr","PM10",14,0.999809277538346,11.5167835763618,-32.9387924862876,34.9384110413643
"dat12_24","dr","PM10",15,2.76666505497773,4.99501879871926,-11.9530657351801,17.4863958451356
"dat12_24","dr","PM10",16,2.60350323762103,17.8703266866454,-50.0582401029725,55.2652465782146
"dat12_24","dr","PM10",17,2.09186384759417,7.23778001110331,-19.2370195009817,23.42074719617
"dat12_24","dr","PM10",18,7.53074811755587,46.2540103302011,-128.77436052394,143.835856759051
"dat12_24","dr","PM10",19,5.46489094564004,31.9985049364207,-88.8309260135312,99.7607079048112
"dat12_24","dr","PM10",20,5.78360739432536,34.0419372221211,-94.5339633050196,106.10117809367
"dat12_24","dr","PM10",21,4.17637228904208,29.8216135705976,-83.7044027742806,92.0571473523647
"dat12_24","dr","PM10",22,1.45649926089174,27.4551133631011,-79.4504790315091,82.3634775532926
"dat12_24","dr","PM10",23,1.41319785486976,25.0926890993565,-72.5319949917239,75.3583907014634
"dat12_24","dr","PM10",24,3.03569208409916,4.68860304545009,-10.7810676503458,16.8524518185441
"dat12_24","dr","PM10",25,2.63089328649273,12.4710751896757,-34.1198932176363,39.3816797906218
"dat12_24","dr","PM10",26,1.96796817185876,8.00648382021295,-21.6261945647274,25.5621309084449
"dat12_24","dr","PM10",27,4.35150050739511,20.5422579560464,-56.1841088906139,64.8871099054041
"dat12_24","dr","PM10",28,6.14565408990833,17.9875421088482,-46.8615092638638,59.1528174436804
"dat12_24","dr","PM10",29,6.3171766690014,26.0462327994906,-70.4379969060378,83.0723502440406
"dat12_24","dr","PM10",30,4.09183428588,23.0080361818782,-63.7101324843544,71.8938010561144
"dat12_24","dr","PM10",31,6.91135664417698,24.1027312405911,-64.1165472467946,77.9392605351486
"dat12_24","dr","PM10",32,7.53652284234449,23.5386130176336,-61.828991233821,76.90203691851
"dat12_24","dr","PM10",33,5.18216963485145,12.2018982224123,-30.775384120275,41.1397233899779
"dat12_24","dr","PM10",34,8.8362427165428,10.7164083968578,-22.7437478691942,40.4162333022798
"dat12_24","dr","PM10",35,3.24487636931536,9.7981436350991,-25.6290963550591,32.1188490936898
"dat12_24","dr","PM10",36,5.83490838996982,12.2944473762352,-30.3953767970141,42.0651935769537
"dat12_24","dr","PM10",37,3.74670701615887,7.72267992970916,-19.0111191551903,26.504533187508
"dat12_24","dr","PM10",38,3.48502649263837,13.0044700684476,-34.8376117575511,41.8076647428278
"dat12_24","dr","PM10",39,4.16591448214244,10.5290537798071,-26.861964162397,35.1937931266819
"dat12_24","dr","PM10",40,6.74657490317076,17.530897784115,-44.9149115276936,58.4080613340351
"dat12_24","dr","PM10",41,5.27760931683313,12.8924622664359,-32.7149551621761,43.2701737958423
"dat12_24","dr","PM10",42,6.54292326951598,13.2011720670265,-32.3593725518742,45.4452190909062
"dat12_24","dr","PM10",43,5.27411705722618,8.59695840462502,-20.0601045802803,30.6083386947327
"dat12_24","dr","PM10",44,3.3048986704235,12.2582116629969,-32.8186041468938,39.4284014877408
"dat12_24","dr","PM10",45,6.17440731917825,13.0494884321395,-32.280894734865,44.6297093732215
"dat12_24","dr","PM10",46,3.01591377243447,16.8550837736216,-46.6540285422737,52.6858560871426
"dat12_24","dr","PM10",47,1.76301196502801,14.8833335943825,-42.0964153159256,45.6224392459816
"dat12_24","dr","PM10",48,3.3695959715598,14.5693228072557,-39.5644785854166,46.3036705285362
"dat12_24","dr","PM10",49,3.89425354512781,14.5401049794337,-38.9537195221157,46.7422266123713
"dat12_24","dr","PM10",50,6.81970264100142,10.3527801979035,-23.6887185649188,37.3281238469217
"dat12_24","dr","PM10",51,4.34974141902381,13.7255337667442,-36.0977864360262,44.7972692740738
"dat12_24","dr","PM10",52,8.76490562824054,12.3478614464236,-27.6227845186169,45.152595775098
"dat12_24","dr","PM10",53,5.52961135380664,18.5212122533199,-49.0502149215507,60.109437629164
"dat12_24","dr","PM10",54,8.45942765746352,13.2496623161189,-30.5857632042357,47.5046185191628
"dat12_24","dr","PM10",55,6.52735308797016,13.3269311827571,-32.7455400029312,45.8002461788715
"dat12_24","dr","PM10",56,7.3512567133842,13.5061900714372,-32.4498911628227,47.1524045895911
"dat12_24","dr","PM10",57,3.55909168924416,13.0401370698224,-34.8686530038809,41.9868363823692
"dat12_24","dr","PM10",58,5.08342698820324,17.7649437759985,-47.2677653540632,57.4346193304697
"dat12_24","dr","PM10",59,4.47458225549722,18.2106083870596,-49.1899310895254,58.1390956005198
"dat12_24","dr","PM10",60,5.85889084763866,18.4960026822235,-48.6466457974235,60.3644274927008
