"specification","outcome","n","units","periods","covariance","component","estimate","se","low","high","p","rho","pre_mean","relative_percent"
"Winter","NO2",9633,247,39,"HAC12","Total",-1.18329285847967,0.662891314560774,-2.48255983501879,0.115974118059444,0.0742535208780198,0.826945461870873,35.3125443110506,-3.35091362450871
"Winter","CO",9633,247,39,"HAC12","Total",-13.7431593403566,9.28700702752353,-31.9456931143027,4.45937443358952,0.138919547897655,0.790507280743516,717.88441976305,-1.91439721520809
"Winter","SO2",9633,247,39,"HAC12","Total",-0.467844262602805,0.0732227687119284,-0.611360889278185,-0.324327635927425,1.66616682459003e-10,0.769934388304166,6.49022257274495,-7.20844712733691
"Winter","O3",9633,247,39,"HAC12","Total",-0.649797938587021,0.30348795232196,-1.24463432513806,-0.0549615520359784,0.032266005544015,0.793851224578857,14.0414679230826,-4.6277066055097
"Winter","PM10",9633,247,39,"HAC12","Total",-1.24630105163982,0.827747405235507,-2.86868596590141,0.376083862621777,0.132156061826244,0.848949296944643,56.64846602529,-2.20006142987777
"Spring","NO2",9633,247,39,"HAC12","Total",-1.97576924583502,0.525233528905713,-3.00522696249022,-0.946311529179826,0.000168764605672056,0.839051877420267,31.2341942231529,-6.3256610102349
"Spring","CO",9633,247,39,"HAC12","Total",-6.63851824845634,6.61412816100812,-19.6022094440323,6.32517294711958,0.315529228287442,0.767816780577575,523.999357030053,-1.26689435003936
"Spring","SO2",9633,247,39,"HAC12","Total",-0.146855609153526,0.133102694441401,-0.407736890258672,0.11402567195162,0.26988579665824,0.837416877076757,5.56275009642476,-2.63998214206875
"Spring","O3",9633,247,39,"HAC12","Total",1.36625785543001,0.491896153812231,0.402141393958033,2.33037431690198,0.00547732587679645,0.788428841699239,31.3926865991399,4.35215333072971
"Spring","PM10",9633,247,39,"HAC12","Total",0.748684487468402,1.37233824688149,-1.94109847641932,3.43846745135613,0.585372618099589,0.893660538411341,59.955229370003,1.24873925983675
"Summer","NO2",9633,247,39,"HAC12","Total",-2.17584362323513,0.387842639107494,-2.93601519588582,-1.41567205058444,2.02186738859834e-08,0.836501037845495,21.6198936239811,-10.064081077724
"Summer","CO",9633,247,39,"HAC12","Total",-3.48530428624734,6.62933449786884,-16.4787999020703,9.50819132957559,0.599069080733526,0.751635315312062,426.007853067774,-0.818131464279101
"Summer","SO2",9633,247,39,"HAC12","Total",0.114196123250805,0.111271420033227,-0.103895860014321,0.33228810651593,0.30475754534634,0.849243383334013,4.27995263663899,2.66816324725691
"Summer","O3",9633,247,39,"HAC12","Total",1.88231421661641,0.55929750688039,0.786091103130844,2.97853733010197,0.000764058311542864,0.860787426464034,31.1772169423713,6.03746710328803
"Summer","PM10",9633,247,39,"HAC12","Total",0.345337207784817,0.735237933239688,-1.09572914136497,1.78640355693461,0.638573303396245,0.869982329124206,37.050927234789,0.932060905241158
"Autumn","NO2",9633,247,39,"HAC12","Total",-1.84864757698344,0.727328756914564,-3.27421194053599,-0.423083213430897,0.0110316515892567,0.845942273475773,29.6339045105106,-6.23828552976461
"Autumn","CO",9633,247,39,"HAC12","Total",-8.87147031925101,8.86116880643311,-26.2393611798599,8.49642054135789,0.3167482308864,0.778576968327057,530.323551930055,-1.6728410961505
"Autumn","SO2",9633,247,39,"HAC12","Total",-0.0304436963877234,0.0789648749235987,-0.185214851237977,0.12432745846253,0.699841330653894,0.805806945393857,4.39295093283243,-0.69301243863642
"Autumn","O3",9633,247,39,"HAC12","Total",-0.00927347336985364,0.399880396201917,-0.793039049925611,0.774492103185904,0.981498222635431,0.845421575081298,18.8402125883395,-0.0492217023898824
"Autumn","PM10",9633,247,39,"HAC12","Total",0.0873911130156146,0.958855365112606,-1.79196540260509,1.96674762863632,0.927380491772447,0.854533570587772,40.3527206061825,0.216568081910753
"trend_Winter","NO2",9633,247,39,"HAC12","Total",1.32575397766371,1.27181826631103,-1.1670098243059,3.81851777963332,0.297222397869442,0.817906440759444,35.3125443110506,3.75434283631846
"trend_Winter","CO",9633,247,39,"HAC12","Total",27.2124224367583,12.3292043938105,3.0471818248898,51.3776630486269,0.0273034741978328,0.786638928294112,717.88441976305,3.79064117950077
"trend_Winter","SO2",9633,247,39,"HAC12","Total",-0.108325690862495,0.0771454490093541,-0.259530770920829,0.0428793891958394,0.160266821599438,0.762899651866113,6.49022257274495,-1.66905972250317
"trend_Winter","O3",9633,247,39,"HAC12","Total",-0.0125912075464329,0.542436021085338,-1.0757658088737,1.05058339378083,0.981480898015441,0.789938291879287,14.0414679230826,-0.0896715900033094
"trend_Winter","PM10",9633,247,39,"HAC12","Total",-0.834017149373343,1.24066755530329,-3.26572555776779,1.59769125902111,0.501435644115278,0.850011128705933,56.64846602529,-1.47226784393598
"trend_Spring","NO2",9633,247,39,"HAC12","Total",0.2352898036925,0.922956208498151,-1.57370436496388,2.04428397234888,0.798776681703199,0.831070596404085,31.2341942231529,0.753308383790762
"trend_Spring","CO",9633,247,39,"HAC12","Total",5.59617411436356,11.8539110948394,-17.6374916315217,28.8298398602488,0.636858863426906,0.767620862877038,523.999357030053,1.06797346967786
"trend_Spring","SO2",9633,247,39,"HAC12","Total",-0.0829992853672473,0.177001618886813,-0.429922458385401,0.263923887650906,0.63912808709514,0.83408647006043,5.56275009642476,-1.49205489961866
"trend_Spring","O3",9633,247,39,"HAC12","Total",0.628330781794355,0.988476022697234,-1.30908222269222,2.56574378628093,0.525000616596523,0.786141661608576,31.3926865991399,2.00151962085198
"trend_Spring","PM10",9633,247,39,"HAC12","Total",1.2080935782769,2.3303476142774,-3.3593877457068,5.77557490226059,0.604166829589769,0.89351003843833,59.955229370003,2.01499283877535
"trend_Summer","NO2",9633,247,39,"HAC12","Total",-0.5613666409519,0.586916092918437,-1.71172218307204,0.588988901168235,0.338835689610102,0.829211629105733,21.6198936239811,-2.59652822865523
"trend_Summer","CO",9633,247,39,"HAC12","Total",5.76007610061167,8.4084471808987,-10.7204803739498,22.2406325751731,0.493322173981894,0.749510904893881,426.007853067774,1.35210561475149
"trend_Summer","SO2",9633,247,39,"HAC12","Total",-0.157484945631771,0.158653107920942,-0.468445037156817,0.153475145893275,0.320886885105469,0.842448175004775,4.27995263663899,-3.67959552364212
"trend_Summer","O3",9633,247,39,"HAC12","Total",-0.378450557549993,1.21679109298962,-2.76336109980965,2.00645998470967,0.755782798440443,0.856773922241159,31.1772169423713,-1.21386895517175
"trend_Summer","PM10",9633,247,39,"HAC12","Total",-0.036306277697082,1.20863671419238,-2.40523423751414,2.33262168211998,0.976035923667518,0.865278145029092,37.050927234789,-0.0979901999942182
"trend_Autumn","NO2",9633,247,39,"HAC12","Total",1.17844012575588,1.11700287724458,-1.01088551364349,3.36776576515524,0.291424468898918,0.838086020587818,29.6339045105106,3.97666168269492
"trend_Autumn","CO",9633,247,39,"HAC12","Total",21.1402714747316,13.5782543941038,-5.47310713771177,47.753650087175,0.119489206793377,0.776728920872231,530.323551930055,3.98629693095732
"trend_Autumn","SO2",9633,247,39,"HAC12","Total",0.0560617388963451,0.0906162673973545,-0.12154614520247,0.23366962299516,0.536132521028406,0.798353918097455,4.39295093283243,1.27617493920421
"trend_Autumn","O3",9633,247,39,"HAC12","Total",-1.42949350773601,0.945817569672846,-3.28329594429479,0.42430892882277,0.130690652589197,0.841094094580492,18.8402125883395,-7.58745954183522
"trend_Autumn","PM10",9633,247,39,"HAC12","Total",-1.22655871529798,1.109335798123,-3.40085687961907,0.947739449023109,0.26886961233305,0.850128907198557,40.3527206061825,-3.03959360576559
