"specification","outcome","contrast","estimate","se","low","high","p","p_holm"
"Baseline","NO2","Spring minus Winter",-0.792476387355352,0.581725043852713,-1.93265747330667,0.347704698595965,0.173107370673042,1
"Baseline","NO2","Summer minus Winter",-0.992550764755457,0.556428612052078,-2.08315084437753,0.0980493148666157,0.0744580957668723,1
"Baseline","NO2","Autumn minus Winter",-0.66535471850377,0.548733772758616,-1.74087291311066,0.410163476103117,0.225310571962441,1
"Baseline","NO2","Summer minus Spring",-0.200074377400106,0.457899785379323,-1.09755795674358,0.697409201943366,0.662155423984612,1
"Baseline","NO2","Autumn minus Spring",0.127121668851581,0.545663584172906,-0.942378956127313,1.19662229383048,0.815786944658406,1
"Baseline","NO2","Autumn minus Summer",0.327196046251687,0.558925450625647,-0.768297836974581,1.42268992947796,0.55827748084415,1
"Baseline","CO","Spring minus Winter",7.10464109190026,9.73520916800476,-11.9763688773891,26.1856510611896,0.465519638501519,1
"Baseline","CO","Summer minus Winter",10.2578550541093,7.23777823716573,-3.92819029073558,24.4439003989541,0.156405250784837,1
"Baseline","CO","Autumn minus Winter",4.87168902110558,8.72116879979822,-12.2218018264989,21.9651798687101,0.576431285908535,1
"Baseline","CO","Summer minus Spring",3.15321396220899,6.74910071666002,-10.0750234424447,16.3814513668626,0.640353178353587,1
"Baseline","CO","Autumn minus Spring",-2.23295207079468,9.40401822647034,-20.6648277946765,16.1989236530872,0.812310348516073,1
"Baseline","CO","Autumn minus Summer",-5.38616603300367,7.34076197493737,-19.7740595038809,9.00172743787357,0.463110923293076,1
"Baseline","SO2","Spring minus Winter",0.320988653449279,0.109607038992245,0.106158857024478,0.53581844987408,0.00340557455864927,0.18730660072571
"Baseline","SO2","Summer minus Winter",0.58204038585361,0.138111236052221,0.311342363191256,0.852738408515963,2.50568502114797e-05,0.00142824046205434
"Baseline","SO2","Autumn minus Winter",0.437400566215082,0.100390475463571,0.240635234306482,0.634165898123681,1.31861679215326e-05,0.000764797739448891
"Baseline","SO2","Summer minus Spring",0.26105173240433,0.1399001716189,-0.0131526039687127,0.535256068777373,0.0620433534716888,1
"Baseline","SO2","Autumn minus Spring",0.116411912765802,0.148831576010458,-0.175297976214696,0.4081218017463,0.434113413398979,1
"Baseline","SO2","Autumn minus Summer",-0.144639819638528,0.103607071087138,-0.347709678969319,0.0584300396922634,0.162701856883381,1
"Baseline","O3","Spring minus Winter",2.01605579401703,0.426691286422685,1.17974087262856,2.85237071540549,2.30276059952716e-06,0.00013816563597163
"Baseline","O3","Summer minus Winter",2.53211215520343,0.557197840146942,1.44000438851542,3.62421992189143,5.5100266222752e-06,0.000325091570714237
"Baseline","O3","Autumn minus Winter",0.640524465217167,0.420911009289653,-0.184461112990553,1.46551004342489,0.128069866046555,1
"Baseline","O3","Summer minus Spring",0.516056361186402,0.410609324802299,-0.288737915426104,1.32085063779891,0.208823806333756,1
"Baseline","O3","Autumn minus Spring",-1.37553132879986,0.513102196888014,-2.38121163470037,-0.369851022899352,0.00734434210398306,0.396594473615085
"Baseline","O3","Autumn minus Summer",-1.89158768998626,0.551590827511701,-2.9727057119092,-0.810469668063327,0.000605070450665545,0.0338839452372705
"Baseline","PM10","Spring minus Winter",1.99498553910822,1.27641097381336,-0.506779969565975,4.49675104778241,0.118060852941136,1
"Baseline","PM10","Summer minus Winter",1.59163825942463,1.12997575547258,-0.623114221301617,3.80639074015088,0.158965415908816,1
"Baseline","PM10","Autumn minus Winter",1.33369216465543,0.882754932653285,-0.396507503345007,3.06389183265587,0.130831904922599,1
"Baseline","PM10","Summer minus Spring",-0.403347279683584,1.33003037726044,-3.01020681911404,2.20351225974687,0.7616904279171,1
"Baseline","PM10","Autumn minus Spring",-0.661293374452787,1.33119799489524,-3.27044144444746,1.94785469554188,0.619354354180176,1
"Baseline","PM10","Autumn minus Summer",-0.257946094769202,1.11576854488362,-2.44485244274109,1.92896025320269,0.817173071318955,1
"Cohort trends","NO2","Spring minus Winter",-1.09046417397121,0.993801900864081,-3.03831589966481,0.857387551722386,0.272525508450109,1
"Cohort trends","NO2","Summer minus Winter",-1.88712061861561,1.13875297686399,-4.11907645326904,0.344835216037817,0.0974827408588903,1
"Cohort trends","NO2","Autumn minus Winter",-0.147313851907837,1.18520320178647,-2.47031212740932,2.17568442359364,0.901082360728576,1
"Cohort trends","NO2","Summer minus Spring",-0.796656444644401,0.72513758323859,-2.21792610779204,0.624613218503235,0.271930364302091,1
"Cohort trends","NO2","Autumn minus Spring",0.943150322063375,1.03557906253327,-1.08658464050184,2.97288528462859,0.362428796757049,1
"Cohort trends","NO2","Autumn minus Summer",1.73980676670778,0.898855893494137,-0.0219507845407316,3.50156431795628,0.0529192605276469,1
"Cohort trends","CO","Spring minus Winter",-21.6162483223948,15.7323056949686,-52.4515674845332,9.21907083974365,0.169440492553301,1
"Cohort trends","CO","Summer minus Winter",-21.4523463361467,11.3646109953112,-43.7269838869566,0.822291214663242,0.0590736811840193,1
"Cohort trends","CO","Autumn minus Winter",-6.07215096202671,15.9855412796434,-37.4038118701277,25.2595099460743,0.704054762652381,1
"Cohort trends","CO","Summer minus Spring",0.163901986248114,14.6394591245638,-28.5294378978969,28.8572418703931,0.991067147277531,1
"Cohort trends","CO","Autumn minus Spring",15.5440973603681,19.4957337520015,-22.6675407935549,53.7557355142911,0.425272387519255,1
"Cohort trends","CO","Autumn minus Summer",15.3801953741199,11.8599983363794,-7.86540136518363,38.6257921134235,0.194695671502833,1
"Cohort trends","SO2","Spring minus Winter",0.0253264054952473,0.147038184337482,-0.262868435806218,0.313521246796713,0.863245919096088,1
"Cohort trends","SO2","Summer minus Winter",-0.0491592547692764,0.176285310761025,-0.394678463860885,0.296359954322333,0.780350816891007,1
"Cohort trends","SO2","Autumn minus Winter",0.16438742975884,0.148090393317816,-0.12586974114408,0.454644600661759,0.266978387171692,1
"Cohort trends","SO2","Summer minus Spring",-0.0744856602645237,0.193733747329519,-0.454203805030381,0.305232484501334,0.700626889360292,1
"Cohort trends","SO2","Autumn minus Spring",0.139061024263592,0.224379274888627,-0.300722354518116,0.578844403045301,0.535416614427239,1
"Cohort trends","SO2","Autumn minus Summer",0.213546684528116,0.158128932290187,-0.0963860227606508,0.523479391816883,0.176868705859398,1
"Cohort trends","O3","Spring minus Winter",0.640921989340787,0.761993652350374,-0.852585569265945,2.13442954794752,0.400285204565209,1
"Cohort trends","O3","Summer minus Winter",-0.36585935000356,1.03442291760868,-2.39332826851657,1.66160956850945,0.723575341686683,1
"Cohort trends","O3","Autumn minus Winter",-1.41690230018957,0.753976058847233,-2.89469537553015,0.0608907751510015,0.0602116701826174,1
"Cohort trends","O3","Summer minus Spring",-1.00678133934435,0.855030127141798,-2.68264038854227,0.669077709853577,0.239003758568534,1
"Cohort trends","O3","Autumn minus Spring",-2.05782428953036,1.05576537605236,-4.12712442659298,0.0114758475322554,0.0512798654021661,1
"Cohort trends","O3","Autumn minus Summer",-1.05104295018601,1.18703848576864,-3.37763838229254,1.27555248192051,0.375923184891546,1
"Cohort trends","PM10","Spring minus Winter",2.04211072765024,2.08054603736254,-2.03575950558034,6.11998096088082,0.326333254041766,1
"Cohort trends","PM10","Summer minus Winter",0.797710871676261,1.95771913008533,-3.03941862329099,4.63484036664351,0.683663177111332,1
"Cohort trends","PM10","Autumn minus Winter",-0.392541565924636,1.3557853258049,-3.04988080450223,2.26479767265296,0.772175238562828,1
"Cohort trends","PM10","Summer minus Spring",-1.24439985597398,2.39915817461339,-5.94674987821621,3.45795016626826,0.60398260443646,1
"Cohort trends","PM10","Autumn minus Spring",-2.43465229357487,2.2259757953591,-6.79756485247872,1.92826026532897,0.274066359658729,1
"Cohort trends","PM10","Autumn minus Summer",-1.1902524376009,1.4511857997714,-4.03457660515284,1.65407172995105,0.412106090693254,1
