"specification","outcome","n","units","periods","covariance","component","estimate","se","low","high","p","rho","pre_mean","relative_percent","stars","estimate_display","twfe_estimate","twfe_se","twfe_p","twfe_stars","twfe_estimate_display"
"monthly","NO2",38532,247,156,"HAC12","Direct",0.101910619490039,0.0989900592118518,-0.092109896565191,0.295931135545268,0.303243102414043,0.843888309339444,29.5092135021386,0.345351866062621,"","0.102",-1.87411908882963,0.209533152089699,3.74448527599432e-19,"***","-1.874***"
"monthly","NO2",38532,247,156,"HAC12","Indirect",-1.96981838358315,0.532814756987025,-3.01413530727772,-0.925501459888578,0.000218158751895904,0.843888309339444,29.5092135021386,-6.67526561980511,"***","-1.970***",-1.87411908882963,0.209533152089699,3.74448527599432e-19,"***","-1.874***"
"monthly","NO2",38532,247,156,"HAC12","Total",-1.86790776409311,0.519488200511502,-2.88610463709565,-0.849710891090565,0.000323558645188632,0.843888309339444,29.5092135021386,-6.32991375374249,"***","-1.868***",-1.87411908882963,0.209533152089699,3.74448527599432e-19,"***","-1.874***"
"monthly","CO",38532,247,156,"HAC12","Direct",5.54708646535242,2.58163552464311,0.487080837051919,10.6070920936529,0.0316604558774063,0.792528290428282,550.425613572033,1.00778131114832,"**","5.547**",-10.542300899992,3.38009341366275,0.00181504312066695,"***","-10.542***"
"monthly","CO",38532,247,156,"HAC12","Indirect",-12.6749953726158,6.21624075396554,-24.8588272503883,-0.491163494843342,0.0414487355157729,0.792528290428282,550.425613572033,-2.30276263678217,"**","-12.675**",-10.542300899992,3.38009341366275,0.00181504312066695,"***","-10.542***"
"monthly","CO",38532,247,156,"HAC12","Total",-7.12790890726338,6.31547142942794,-19.5062329089421,5.25041509441538,0.259048711648755,0.792528290428282,550.425613572033,-1.29498132563385,"","-7.128",-10.542300899992,3.38009341366275,0.00181504312066695,"***","-10.542***"
"monthly","SO2",38532,247,156,"HAC12","Direct",-0.0418881262173893,0.0241266701876845,-0.089176399785251,0.00540014735047236,0.0825328625352003,0.836721195316024,5.19974108959282,-0.805580999046811,"*","-0.042*",-0.272812129676708,0.0596888286504156,4.86393186391229e-06,"***","-0.273***"
"monthly","SO2",38532,247,156,"HAC12","Indirect",-0.0423972944172406,0.0703348267214538,-0.18025355479129,0.0954589659568089,0.54664684665294,0.836721195316024,5.19974108959282,-0.815373182755155,"","-0.042",-0.272812129676708,0.0596888286504156,4.86393186391229e-06,"***","-0.273***"
"monthly","SO2",38532,247,156,"HAC12","Total",-0.0842854206346299,0.082299122120678,-0.245591699991159,0.077020858721899,0.305771462089023,0.836721195316024,5.19974108959282,-1.62095418180197,"","-0.084",-0.272812129676708,0.0596888286504156,4.86393186391229e-06,"***","-0.273***"
"monthly","O3",38532,247,156,"HAC12","Direct",-0.0405922229017093,0.102327247308677,-0.241153627626716,0.159969181823298,0.69159587948447,0.859112644077739,23.9284544794125,-0.169639969587814,"","-0.041",1.10240150232378,0.136948880255521,8.29769222941822e-16,"***","1.102***"
"monthly","O3",38532,247,156,"HAC12","Indirect",0.603945279514028,0.352544549853431,-0.0870420381986976,1.29493259722675,0.0866935121249114,0.859112644077739,23.9284544794125,2.52396275753475,"*","0.604*",1.10240150232378,0.136948880255521,8.29769222941822e-16,"***","1.102***"
"monthly","O3",38532,247,156,"HAC12","Total",0.563353056612319,0.367026213603979,-0.15601832205148,1.28272443527612,0.124805367141702,0.859112644077739,23.9284544794125,2.35432278794694,"","0.563",1.10240150232378,0.136948880255521,8.29769222941822e-16,"***","1.102***"
"monthly","PM10",38532,247,156,"HAC12","Direct",-0.769709752247943,0.271789150124754,-1.30241648649246,-0.237003018003425,0.00462563162131796,0.88203476454109,48.7523083608979,-1.57881704092866,"***","-0.770***",0.905061684503222,0.251964370450869,0.000328121528597806,"***","0.905***"
"monthly","PM10",38532,247,156,"HAC12","Indirect",0.662153548342662,0.830843549779374,-0.966299809224912,2.29060690591024,0.425471135870201,0.88203476454109,48.7523083608979,1.35819937681914,"","0.662",0.905061684503222,0.251964370450869,0.000328121528597806,"***","0.905***"
"monthly","PM10",38532,247,156,"HAC12","Total",-0.107556203905281,0.7778942842277,-1.63222900099157,1.41711659318101,0.890030324672871,0.88203476454109,48.7523083608979,-0.220617664109516,"","-0.108",0.905061684503222,0.251964370450869,0.000328121528597806,"***","0.905***"
