"specification","outcome","n","units","periods","covariance","component","estimate","se","low","high","p","rho","pre_mean","relative_percent","stars","estimate_display"
"monthly","NO2",38532,247,156,"Joint_OIM","Total",-1.86790776409311,0.167959746957556,-2.19710886812992,-1.5387066600563,9.89730423068301e-29,0.843888309339444,29.5092135021386,-6.32991375374249,"***","-1.868***"
"monthly","NO2",38532,247,156,"HAC6","Total",-1.86790776409311,0.444712111802998,-2.73954350322698,-0.996272024959231,2.6660528244963e-05,0.843888309339444,29.5092135021386,-6.32991375374249,"***","-1.868***"
"monthly","NO2",38532,247,156,"HAC12","Total",-1.86790776409311,0.519488200511502,-2.88610463709565,-0.849710891090565,0.000323558645188632,0.843888309339444,29.5092135021386,-6.32991375374249,"***","-1.868***"
"monthly","NO2",38532,247,156,"HAC24","Total",-1.86790776409311,0.584640377367276,-3.01380290373297,-0.722012624453247,0.00139845958458499,0.843888309339444,29.5092135021386,-6.32991375374249,"***","-1.868***"
"monthly","CO",38532,247,156,"Joint_OIM","Total",-7.12790890726338,2.97104365301817,-12.951154467179,-1.30466334734777,0.0164342459963279,0.792528290428282,550.425613572033,-1.29498132563385,"**","-7.128**"
"monthly","CO",38532,247,156,"HAC6","Total",-7.12790890726338,5.79294357223946,-18.4820783088527,4.22626049432597,0.218529835559561,0.792528290428282,550.425613572033,-1.29498132563385,"","-7.128"
"monthly","CO",38532,247,156,"HAC12","Total",-7.12790890726338,6.31547142942794,-19.5062329089421,5.25041509441538,0.259048711648755,0.792528290428282,550.425613572033,-1.29498132563385,"","-7.128"
"monthly","CO",38532,247,156,"HAC24","Total",-7.12790890726338,7.15789933261275,-21.1573915991844,6.9015737846576,0.319342390955937,0.792528290428282,550.425613572033,-1.29498132563385,"","-7.128"
"monthly","SO2",38532,247,156,"Joint_OIM","Total",-0.0842854206346299,0.0453006916442276,-0.173074776257316,0.00450393498805625,0.062803948828148,0.836721195316024,5.19974108959282,-1.62095418180197,"*","-0.084*"
"monthly","SO2",38532,247,156,"HAC6","Total",-0.0842854206346299,0.0857253168764142,-0.252307041712402,0.083736200443142,0.325507355448812,0.836721195316024,5.19974108959282,-1.62095418180197,"","-0.084"
"monthly","SO2",38532,247,156,"HAC12","Total",-0.0842854206346299,0.082299122120678,-0.245591699991159,0.077020858721899,0.305771462089023,0.836721195316024,5.19974108959282,-1.62095418180197,"","-0.084"
"monthly","SO2",38532,247,156,"HAC24","Total",-0.0842854206346299,0.0634889230393286,-0.208723709791714,0.0401528685224541,0.184323162742411,0.836721195316024,5.19974108959282,-1.62095418180197,"","-0.084"
"monthly","O3",38532,247,156,"Joint_OIM","Total",0.563353056612319,0.191657117074334,0.187705107146624,0.939001006078013,0.00328869814791897,0.859112644077739,23.9284544794125,2.35432278794694,"***","0.563***"
"monthly","O3",38532,247,156,"HAC6","Total",0.563353056612319,0.366988449424535,-0.155944304259769,1.28265041748441,0.124766569141773,0.859112644077739,23.9284544794125,2.35432278794694,"","0.563"
"monthly","O3",38532,247,156,"HAC12","Total",0.563353056612319,0.367026213603979,-0.15601832205148,1.28272443527612,0.124805367141702,0.859112644077739,23.9284544794125,2.35432278794694,"","0.563"
"monthly","O3",38532,247,156,"HAC24","Total",0.563353056612319,0.36356460569656,-0.14923357055294,1.27593968377758,0.12125516288341,0.859112644077739,23.9284544794125,2.35432278794694,"","0.563"
"monthly","PM10",38532,247,156,"Joint_OIM","Total",-0.107556203905281,0.32452464971565,-0.743624517347956,0.528512109537393,0.740322036436557,0.88203476454109,48.7523083608979,-0.220617664109516,"","-0.108"
"monthly","PM10",38532,247,156,"HAC6","Total",-0.107556203905281,0.733803733929084,-1.54581152240629,1.33069911459572,0.883468647673409,0.88203476454109,48.7523083608979,-0.220617664109516,"","-0.108"
"monthly","PM10",38532,247,156,"HAC12","Total",-0.107556203905281,0.7778942842277,-1.63222900099157,1.41711659318101,0.890030324672871,0.88203476454109,48.7523083608979,-0.220617664109516,"","-0.108"
"monthly","PM10",38532,247,156,"HAC24","Total",-0.107556203905281,0.840421441197163,-1.75478222865172,1.53966982084116,0.898165678303841,0.88203476454109,48.7523083608979,-0.220617664109516,"","-0.108"
