path,rows,columns
OnlineResource2/monthly_results/analysis_coordinates.csv,247,id;x;y;epsg
OnlineResource2/monthly_results/cohort_membership.csv,247,id;province;district;g
OnlineResource2/monthly_results/data_audit.csv,2,dataset;first_year;last_year;units;months;observations;missing;controls
OnlineResource2/monthly_results/event_dynamic.csv,2180,dataset;estimator;outcome;event_month;estimate;se;low;high
OnlineResource2/monthly_results/event_group_time.csv,9000,dataset;estimator;outcome;group;time;estimate;se
OnlineResource2/monthly_results/event_repeat_check.csv,20,dataset;estimator;outcome;max_att_discrepancy
OnlineResource2/monthly_results/event_summary.csv,20,dataset;estimator;outcome;units;observations;pre_restrictions;covariance_rank;covariance_rcond;wald;wald_p;max_t;max_t_p
OnlineResource2/monthly_results/event_warning_audit.csv,20,dataset;estimator;outcome;warning
OnlineResource2/monthly_results/inference_coefficients.csv,15028,specification;outcome;n;units;periods;covariance;term;estimate;se;p
OnlineResource2/monthly_results/inference_impacts.csv,1572,specification;outcome;n;units;periods;covariance;component;estimate;se;low;high;p;rho;pre_mean;relative_percent
OnlineResource2/monthly_results/input_checksums.csv,3,file;md5
OnlineResource2/monthly_results/interpolation_validation.csv,34,variable;method;n;MAE;RMSE;bias
OnlineResource2/monthly_results/overlap_audit.csv,22,dataset;variable;shared_rows;changed;max_abs_difference
OnlineResource2/monthly_results/pooled_multiplicity.csv,5,specification;outcome;n;units;periods;covariance;component;estimate;se;low;high;p;rho;pre_mean;relative_percent;p_holm
OnlineResource2/monthly_results/residual_diagnostics.csv,131,specification;outcome;n;units;periods;ar1_median;ar1_q25;ar1_q75;ar12_median;moran_median;moran_q25;moran_q75;score_error;coefficient_error;hessian_numeric_error;delta_gradient_error;information_rcond;joint_rho_lez_covariance;joint_rho_wlez_covariance
OnlineResource2/monthly_results/sdm_impacts.csv,393,specification;outcome;n;units;periods;component;estimate;se;low;high;p;rho;pre_mean;relative_percent
OnlineResource2/monthly_results/sdm_raw.csv,3757,specification;outcome;term;estimate;se;p
OnlineResource2/monthly_results/sdm_twfe.csv,131,specification;outcome;estimate;se;p
OnlineResource2/monthly_results/seasonal_omnibus.csv,10,specification;outcome;statistic;df;p;p_holm
OnlineResource2/monthly_results/seasonal_pairwise.csv,60,specification;outcome;contrast;estimate;se;low;high;p;p_holm
OnlineResource2/monthly_results/summary_statistics.csv,5,outcome;mean;sd;min;max;treated_pre_mean;pre_observations
OnlineResource2/monthly_results/timing_sensitivity.csv,40,scenario;trend;specification;outcome;n;units;periods;covariance;component;estimate;se;low;high;p;rho;pre_mean;relative_percent
OnlineResource2/monthly_results/within_year_variation.csv,12,variable;unit_years;constant_within_year
OnlineResource2/provenance/submitted_manifest_sha256.csv,204,file;bytes;sha256
OnlineResource2/validation_evidence/coordinate_transform_check.csv,1,coordinate_pairs;max_distance_error_m;pairs_over_1mm
OnlineResource2/validation_evidence/cv_independent_comparison.csv,34,variable;method;n_new;MAE_new;RMSE_new;bias_new;n_reported;MAE_reported;RMSE_reported;bias_reported;n_difference;MAE_difference;RMSE_difference;bias_difference
OnlineResource2/validation_evidence/independent_R_reproduction_check.csv,36,variable;rows;max_abs_difference;passed
OnlineResource2/validation_evidence/independently_recomputed_cv.csv,34,variable;method;n;MAE;RMSE;bias
OnlineResource2/validation_evidence/manifest_check.csv,55,file;exists;hash_equal
OnlineResource2/validation_evidence/rain_archived_html_check.csv,1219,stnId;year;selected_station_year_element;raw_bytes_sha256_matches;lf_normalized_sha256_matches;monthly_totals_match
OnlineResource2/validation_evidence/support_summary.csv,16,variable;months;station_months;min_stations;max_stations;max_nearest_grid_distance_km
