document,item,title,label,submitted_page,artifact,preview,data,script,reproduction
Main,Table 1,Monthly pollutant concentrations,descriptive,6,results/tables/monthly_summary.tex,results/previews/main_table_1.png,OnlineResource2/monthly_results/summary_statistics.csv,OnlineResource2/analysis/monthly_outputs_journal.R,monthly_outputs_journal.R
Main,Table 2,Covariate definitions,covariates,7,results/tables/static_main_table2.tex,results/previews/main_table_2.png,,,static
Main,Table 3,Pooled associations and decomposition,monthly_primary,14,results/tables/monthly_primary.tex,results/previews/main_table_3.png,OnlineResource2/monthly_results/inference_impacts.csv;OnlineResource2/monthly_results/sdm_twfe.csv,OnlineResource2/analysis/monthly_outputs_journal.R,monthly_outputs_journal.R
Main,Table 4,Trends and cohort composition,sensitivity,15,results/tables/monthly_sensitivity_main.tex,results/previews/main_table_4.png,OnlineResource2/monthly_results/inference_impacts.csv,OnlineResource2/analysis/monthly_outputs_journal.R,monthly_outputs_journal.R
Main,Figure 1,Study geography,study_area,5,results/figures/Fig1.png,results/previews/main_figure_1.png,OnlineResource2/monthly_results/cohort_membership.csv,,archived geography asset
Main,Figure 2,Event study diagnostics,monthly_events,13,results/figures/Fig2_monthly.pdf,results/previews/main_figure_2.png,OnlineResource2/monthly_results/event_dynamic.csv,OnlineResource2/analysis/monthly_outputs_journal.R,monthly_outputs_journal.R
Main,Figure 3,Seasonal baseline and trend totals,seasonal,16,results/figures/Fig3_journal.pdf,results/previews/main_figure_3.png,OnlineResource2/monthly_results/inference_impacts.csv,OnlineResource2/analysis/journal_outputs.R,journal_outputs.R
OR1,Table S1,Pre-adoption diagnostics,s_pretests,1,results/tables/monthly_pretests.tex,results/previews/supp_table_s1.png,OnlineResource2/monthly_results/event_summary.csv,OnlineResource2/analysis/monthly_outputs_journal.R,monthly_outputs_journal.R
OR1,Table S2,Seasonal spatial components,s_seasons,3,results/tables/monthly_seasons.tex,results/previews/supp_table_s2.png,OnlineResource2/monthly_results/inference_impacts.csv,OnlineResource2/analysis/monthly_outputs_journal.R,monthly_outputs_journal.R
OR1,Table S3,Additional sensitivity,s_sensitivity,4,results/tables/monthly_sensitivity_extra.tex,results/previews/supp_table_s3.png,OnlineResource2/monthly_results/inference_impacts.csv,OnlineResource2/analysis/monthly_outputs_journal.R,monthly_outputs_journal.R
OR1,Table S4,Full SDM coefficients,s_coefficients,5,results/tables/monthly_coefficients.tex,results/previews/supp_table_s4.png,OnlineResource2/monthly_results/inference_coefficients.csv,OnlineResource2/analysis/monthly_outputs_journal.R,monthly_outputs_journal.R
OR1,Table S5,Residual dependence,s_residuals,6,results/tables/monthly_residuals.tex,results/previews/supp_table_s5.png,OnlineResource2/monthly_results/residual_diagnostics.csv,OnlineResource2/analysis/monthly_outputs_journal.R,monthly_outputs_journal.R
OR1,Table S6,Alternative covariance estimates,s_uncertainty,7,results/tables/monthly_uncertainty.tex,results/previews/supp_table_s6.png,OnlineResource2/monthly_results/inference_impacts.csv,OnlineResource2/analysis/monthly_outputs_journal.R,monthly_outputs_journal.R
OR1,Table S7,Cross-season equality tests,s_season_tests,11,results/tables/seasonal_omnibus.tex,results/previews/supp_table_s7.png,OnlineResource2/monthly_results/seasonal_omnibus.csv,OnlineResource2/analysis/seasonal_comparisons_journal.R,seasonal_comparisons_journal.R
OR1,Table S8,Verification scope,s_validation,12,results/tables/static_supp_tableS8.tex,results/previews/supp_table_s8.png,,,static
OR1,Table S9,Station prediction errors,s_prediction,13,results/tables/interpolation_validation.tex,results/previews/supp_table_s9.png,OnlineResource2/monthly_results/interpolation_validation.csv,OnlineResource2/analysis/validation_outputs.py,validation_outputs.py
OR1,Table S10,IDW versus nearest models,s_interpolation,14,results/tables/interpolation_sensitivity.tex,results/previews/supp_table_s10.png,OnlineResource2/monthly_results/inference_impacts.csv,OnlineResource2/analysis/monthly_outputs_journal.R,monthly_outputs_journal.R
OR1,Table S11,Policy date evidence,s_policy_dates,15,results/tables/static_supp_tableS11.tex,results/previews/supp_table_s11.png,,,static
OR1,Table S12,Alternative rollout months,s_timing,16,results/tables/timing_sensitivity.tex,results/previews/supp_table_s12.png,OnlineResource2/monthly_results/timing_sensitivity.csv,OnlineResource2/analysis/timing_outputs.py,timing_outputs.py
OR1,Figure S1,Doubly robust diagnostics,s_dr,2,results/figures/FigS1_monthly_dr.pdf,results/previews/supp_figure_s1.png,OnlineResource2/monthly_results/event_dynamic.csv,OnlineResource2/analysis/monthly_outputs_journal.R,monthly_outputs_journal.R
